Taxonomy	CK_Day10	CK_Day25	AOM_Day10	AD_Day10	AOM_Day25	AD_Day25
OTU1	1	1	0	1	1	1
OTU2	0	0	1	1	1	0
OTU3	0	1	0	0	1	1
OTU4	0	1	0	0	1	0
OTU5	0	0	0	0	1	1
OTU6	0	0	0	0	0	1
OTU7	1	0	0	0	0	0
OTU8	0	1	0	0	1	1
OTU9	0	0	1	1	0	0
OTU10	0	1	1	0	1	1
OTU11	1	1	1	1	1	1
OTU12	0	0	0	0	1	1
OTU13	0	0	0	0	1	0
OTU14	1	1	0	1	0	1
OTU15	0	1	0	0	1	1
OTU16	0	0	0	0	0	1
OTU17	1	0	0	0	0	1
OTU18	0	0	0	0	1	0
OTU19	1	0	1	1	0	0
OTU20	0	1	1	0	1	1
OTU21	1	1	0	1	1	1
OTU22	0	0	0	0	0	1
OTU23	0	0	0	0	0	1
OTU24	0	0	0	1	0	1
OTU25	0	1	1	1	0	0
OTU26	0	0	0	0	1	1
OTU27	0	0	1	1	0	0
OTU28	0	0	1	0	1	0
OTU29	1	1	1	1	1	1
OTU30	0	0	0	0	1	1
OTU31	0	0	0	0	0	0
OTU32	0	0	0	0	1	0
OTU33	0	0	0	0	1	0
OTU34	1	0	0	0	0	0
OTU35	0	1	0	0	0	1
OTU36	0	0	1	1	1	1
OTU37	1	1	1	1	1	1
OTU38	1	1	1	1	1	1
OTU39	1	1	1	1	1	1
OTU40	1	1	1	1	1	1
OTU41	0	0	0	0	1	0
OTU42	0	0	0	1	0	0
OTU43	1	0	0	0	1	1
OTU44	1	0	0	0	0	0
OTU45	0	1	1	0	1	1
OTU46	0	1	0	0	1	1
OTU47	1	1	1	1	1	1
OTU48	0	1	1	1	1	1
OTU49	0	0	0	0	0	0
OTU50	0	0	1	0	0	0
OTU51	1	1	0	0	1	0
OTU52	1	1	1	1	1	1
OTU53	0	0	0	0	1	1
OTU54	1	1	1	1	1	1
OTU55	1	1	0	1	1	1
OTU56	1	1	1	1	1	1
OTU57	0	1	1	0	1	1
OTU58	1	1	1	1	1	1
OTU59	1	1	1	1	1	1
OTU60	1	1	1	0	0	1
OTU61	0	0	0	0	1	1
OTU62	1	1	1	1	1	1
OTU63	0	0	1	0	0	0
OTU64	0	0	0	0	0	1
OTU65	0	0	0	0	0	0
OTU66	0	1	1	1	0	0
OTU67	1	1	1	1	1	1
OTU68	1	1	1	1	1	1
OTU69	1	1	1	1	1	1
OTU70	0	0	1	0	1	1
OTU71	1	1	1	1	1	1
OTU72	1	1	1	1	1	1
OTU73	1	1	1	1	1	1
OTU74	1	0	0	0	1	1
OTU75	1	1	1	1	1	1
OTU76	1	1	1	1	1	1
OTU77	1	1	1	1	1	1
OTU78	0	0	0	0	0	1
OTU79	1	1	1	1	1	1
OTU80	1	1	1	1	1	1
OTU81	1	1	1	1	1	1
OTU82	1	1	1	1	1	1
OTU83	0	1	0	0	0	1
OTU84	1	1	1	1	1	1
OTU85	0	0	1	0	0	1
OTU86	1	1	1	1	1	1
OTU87	1	1	1	1	1	1
OTU88	1	1	1	1	1	1
OTU89	0	0	0	1	0	0
OTU90	1	0	0	0	0	0
OTU91	1	1	1	1	1	1
OTU92	1	1	1	1	1	1
OTU93	0	1	0	1	1	0
OTU94	1	0	0	0	0	0
OTU95	1	0	0	0	0	1
OTU96	0	0	0	0	1	1
OTU97	0	0	0	0	1	0
OTU98	0	0	0	0	1	1
OTU99	0	0	0	0	1	1
OTU100	0	0	0	0	0	1
OTU101	0	0	0	0	0	1
OTU102	1	0	0	0	0	0
OTU103	1	1	1	1	1	1
OTU104	1	0	0	0	0	0
OTU105	0	1	0	0	0	1
OTU106	1	0	0	0	0	0
OTU107	1	1	1	1	1	1
OTU108	0	0	0	0	1	1
OTU109	1	1	1	1	1	1
OTU110	0	1	0	0	1	1
OTU111	0	0	0	0	0	1
OTU112	1	1	1	1	1	1
OTU113	0	0	0	0	0	1
OTU114	0	0	0	0	0	1
OTU115	0	0	0	0	0	0
OTU116	0	0	1	0	0	1
OTU117	1	0	1	0	0	0
OTU118	0	0	0	0	1	1
OTU119	0	0	0	0	1	1
OTU120	0	0	0	1	0	1
OTU121	0	0	0	0	1	1
OTU122	0	0	0	0	0	1
OTU123	0	0	0	0	1	1
OTU124	0	1	0	0	1	0
OTU125	0	0	0	0	1	0
OTU126	0	0	0	0	0	1
OTU127	0	1	0	0	1	0
OTU128	0	0	0	0	0	1
OTU129	1	0	0	1	0	1
OTU130	1	1	1	1	1	1
OTU131	0	0	0	0	1	1
OTU132	1	0	0	0	1	1
OTU133	1	0	1	0	0	1
OTU134	1	1	1	1	1	1
OTU135	1	1	1	1	1	1
OTU136	1	1	0	0	1	0
OTU137	0	0	0	0	0	0
OTU138	0	1	0	0	1	1
OTU139	1	1	1	0	1	1
OTU140	0	0	0	0	1	0
OTU141	1	1	1	1	1	1
OTU142	0	1	0	1	1	1
OTU143	1	1	1	1	1	1
OTU144	0	0	0	0	1	0
OTU145	0	1	0	1	0	1
OTU146	1	1	1	1	1	1
OTU147	1	1	1	0	0	1
OTU148	1	1	0	0	0	0
OTU149	0	0	0	0	1	0
OTU150	1	1	1	1	1	1
OTU151	1	0	1	0	1	1
OTU152	0	1	0	0	1	0
OTU153	1	1	1	1	1	1
OTU154	0	1	0	1	0	0
OTU155	0	0	0	1	0	0
OTU156	1	1	1	0	1	1
OTU157	0	0	0	0	0	1
OTU158	1	1	1	1	1	1
OTU159	1	1	0	1	1	1
OTU160	0	0	0	0	1	0
OTU161	1	1	1	1	1	1
OTU162	0	1	0	1	1	1
OTU163	0	0	0	0	0	1
OTU164	0	1	0	0	0	1
OTU165	0	0	0	0	1	0
OTU166	1	1	1	1	1	1
OTU167	1	1	1	1	1	1
OTU168	1	1	1	1	1	1
OTU169	0	1	0	0	1	0
OTU170	1	1	1	1	1	1
OTU171	1	1	1	1	1	1
OTU172	0	1	1	1	1	0
OTU173	1	1	1	1	1	1
OTU174	0	0	0	0	0	1
OTU175	1	1	0	0	1	1
OTU176	0	0	1	0	0	0
OTU177	1	1	1	1	1	1
OTU178	1	1	1	1	1	1
OTU179	1	1	1	1	1	1
OTU180	1	1	0	0	1	1
OTU181	0	1	0	0	0	1
OTU182	1	1	0	0	0	0
OTU183	1	1	1	1	1	1
OTU184	0	0	0	0	0	0
OTU185	0	1	1	0	0	0
OTU186	0	1	0	0	0	1
OTU187	1	1	1	1	1	1
OTU188	0	1	0	0	0	1
OTU189	1	0	0	0	0	0
OTU190	1	0	0	0	0	0
OTU191	0	1	1	0	1	0
OTU192	0	1	1	0	0	1
OTU193	1	1	0	0	1	1
OTU194	1	0	0	1	1	1
OTU195	1	0	0	0	0	1
OTU196	1	0	0	0	0	0
OTU197	1	1	1	0	0	1
OTU198	1	1	1	1	1	1
OTU199	1	1	1	1	1	1
OTU200	1	0	0	0	1	0
OTU201	0	0	1	0	0	0
OTU202	0	0	0	0	0	1
OTU203	0	1	0	0	0	1
OTU204	1	1	0	1	1	0
OTU205	0	0	0	1	0	0
OTU206	0	0	0	0	0	1
OTU207	1	1	1	1	1	1
OTU208	1	1	1	1	1	1
OTU209	1	1	1	1	1	1
OTU210	0	0	0	0	0	0
OTU211	0	0	0	0	0	0
OTU212	1	0	0	0	0	1
OTU213	0	1	0	1	0	0
OTU214	0	1	0	1	0	0
OTU215	0	0	0	0	1	0
OTU216	1	1	0	0	0	1
OTU217	1	1	1	0	1	0
OTU218	0	0	1	0	0	0
OTU219	1	0	0	0	1	0
OTU220	1	1	1	1	0	0
OTU221	1	1	1	1	1	1
OTU222	0	1	0	0	0	1
OTU223	0	1	1	0	1	0
OTU224	1	1	0	1	1	1
OTU225	0	0	0	0	0	1
OTU226	1	0	0	0	1	0
OTU227	1	1	0	1	1	0
OTU228	1	1	0	1	1	0
OTU229	1	1	1	0	1	1
OTU230	1	1	1	1	1	1
OTU231	1	0	0	0	1	0
OTU232	1	0	0	0	0	0
OTU233	1	0	0	0	1	0
OTU234	1	0	0	0	1	1
OTU235	1	1	0	0	1	1
OTU236	1	0	0	0	0	0
OTU237	1	0	1	0	1	1
OTU238	1	0	0	0	1	0
OTU239	1	0	0	0	0	1
OTU240	1	0	0	0	0	1
OTU241	1	0	1	0	1	1
OTU242	1	1	0	0	1	0
OTU243	1	1	1	0	1	1
OTU244	1	1	1	1	1	1
OTU245	0	1	0	0	0	0
OTU246	1	1	1	1	1	1
OTU247	1	1	0	1	1	1
OTU248	1	1	1	0	0	1
OTU249	1	0	0	0	0	0
OTU250	1	1	1	0	0	0
OTU251	0	0	1	0	0	0
OTU252	1	1	0	0	1	0
OTU253	1	0	0	0	0	0
OTU254	1	1	1	1	1	1
OTU255	1	1	1	1	1	1
OTU256	1	1	1	1	1	1
OTU257	1	1	1	1	1	1
OTU258	1	1	0	0	1	0
OTU259	0	0	1	0	0	1
OTU260	0	0	0	0	1	0
OTU261	1	1	1	1	1	0
OTU262	1	1	1	1	1	0
OTU263	1	1	1	1	0	1
OTU264	1	1	0	0	0	0
OTU265	1	0	0	1	1	0
OTU266	0	0	0	0	1	0
OTU267	1	1	1	1	0	1
OTU268	1	1	1	1	1	1
OTU269	1	0	0	0	0	0
OTU270	0	0	0	0	1	0
OTU271	1	1	1	1	1	1
OTU272	1	0	0	0	0	0
OTU273	1	1	1	1	0	0
OTU274	1	1	0	0	0	1
OTU275	1	0	0	1	1	1
OTU276	0	0	0	0	0	0
OTU277	1	1	1	1	1	1
OTU278	1	1	0	0	0	0
OTU279	1	1	1	1	1	1
OTU280	1	1	1	1	1	1
OTU281	1	1	0	0	1	1
OTU282	0	0	0	1	0	0
OTU283	1	1	0	1	1	1
OTU284	1	1	1	1	1	1
OTU285	1	1	1	1	1	1
OTU286	0	0	0	0	0	1
OTU287	1	1	1	1	1	1
OTU288	0	0	1	1	0	1
OTU289	1	1	1	1	1	1
OTU290	1	1	1	1	1	1
OTU291	1	1	1	0	1	1
OTU292	1	1	1	1	1	1
OTU293	1	0	1	1	1	1
OTU294	1	1	1	1	1	1
OTU295	1	1	1	1	1	1
OTU296	0	0	0	0	0	1
OTU297	1	1	1	1	1	1
OTU298	1	0	0	1	0	1
OTU299	1	1	1	1	1	1
OTU300	1	1	1	1	1	1
OTU301	0	0	0	0	0	1
OTU302	1	1	1	1	1	1
OTU303	1	1	1	1	1	1
OTU304	1	1	1	1	1	1
OTU305	1	1	1	1	0	1
OTU306	1	1	1	1	1	1
OTU307	0	0	0	0	1	0
OTU308	0	0	0	0	1	0
OTU309	1	1	1	1	1	1
OTU310	1	0	1	0	0	0
OTU311	0	0	0	0	0	0
OTU312	1	1	1	1	1	1
OTU313	1	0	0	1	0	0
OTU314	1	1	1	1	1	1
OTU315	1	1	1	1	1	1
OTU316	1	1	1	1	1	1
OTU317	1	1	1	0	1	1
OTU318	1	0	0	0	0	0
OTU319	0	0	0	0	1	0
OTU320	1	0	0	1	0	1
OTU321	1	0	0	0	0	0
OTU322	1	0	0	0	0	1
OTU323	1	1	0	0	0	0
OTU324	1	1	1	1	1	1
OTU325	1	1	1	1	1	0
OTU326	0	0	1	0	0	0
OTU327	0	1	1	1	1	1
OTU328	0	0	1	0	0	1
OTU329	0	0	0	1	1	1
OTU330	0	1	0	1	1	0
OTU331	1	1	1	1	1	1
OTU332	1	0	0	0	1	1
OTU333	0	0	0	0	0	1
OTU334	1	1	1	0	0	1
OTU335	0	1	0	0	1	1
OTU336	1	1	1	1	1	1
OTU337	0	0	0	0	1	0
OTU338	1	1	1	1	1	1
OTU339	1	1	1	1	1	1
OTU340	1	1	1	1	1	1
OTU341	0	1	1	1	1	1
OTU342	0	0	1	0	0	1
OTU343	0	0	0	0	0	1
OTU344	1	1	1	1	1	1
OTU345	1	0	0	0	0	0
OTU346	1	1	1	1	1	1
OTU347	1	1	0	0	0	1
OTU348	0	0	0	0	0	1
OTU349	1	1	1	1	1	1
OTU350	1	1	1	1	1	1
OTU351	0	0	0	0	1	0
OTU352	0	0	0	0	1	1
OTU353	0	0	0	0	0	0
OTU354	1	0	0	0	0	0
OTU355	1	1	1	1	1	1
OTU356	1	1	1	0	1	1
OTU357	1	1	1	1	1	1
OTU358	1	1	1	1	1	1
OTU359	1	1	1	1	1	1
OTU360	1	1	1	1	1	1
OTU361	1	1	1	1	1	1
OTU362	0	0	1	1	0	1
OTU363	1	1	1	0	1	1
OTU364	1	1	0	1	1	1
OTU365	1	1	0	0	1	1
OTU366	1	1	1	1	1	1
OTU367	1	1	1	1	1	1
OTU368	0	1	1	1	1	1
OTU369	1	1	1	1	1	1
OTU370	1	1	0	1	0	0
OTU371	1	0	0	0	1	1
OTU372	1	1	1	1	1	1
OTU373	1	1	0	0	1	1
OTU374	1	1	1	1	1	1
OTU375	1	1	1	1	1	1
OTU376	1	0	0	1	1	1
OTU377	0	0	1	0	1	1
OTU378	0	0	0	0	1	0
OTU379	1	1	1	1	1	1
OTU380	1	1	1	1	1	1
OTU381	1	0	0	0	0	1
OTU382	1	0	0	0	0	0
OTU383	1	1	1	1	1	1
OTU384	1	0	0	0	0	0
OTU385	1	1	0	0	1	1
OTU386	1	1	0	1	1	1
OTU387	1	1	0	0	1	0
OTU388	1	0	1	0	0	1
OTU389	1	1	1	1	1	1
OTU390	0	1	0	0	1	0
OTU391	1	0	0	0	1	1
OTU392	1	1	1	1	1	1
OTU393	1	1	1	1	1	1
OTU394	1	1	0	0	1	1
OTU395	0	0	0	1	1	1
OTU396	0	1	0	0	1	0
OTU397	1	1	1	1	1	1
OTU398	0	0	0	0	1	1
OTU399	1	1	1	1	1	1
OTU400	1	1	0	0	1	1
OTU401	1	0	0	0	0	1
OTU402	1	1	1	1	1	1
OTU403	1	1	1	1	1	1
OTU404	0	1	1	1	1	1
OTU405	0	1	1	1	1	1
OTU406	1	1	1	1	0	1
OTU407	1	0	0	0	1	1
OTU408	0	1	1	0	0	0
OTU409	1	1	1	1	1	0
OTU410	0	1	0	1	0	0
OTU411	1	1	1	1	1	1
OTU412	1	1	1	0	1	1
OTU413	1	1	0	0	0	0
OTU414	1	1	1	1	1	1
OTU415	1	1	1	1	1	1
OTU416	1	1	1	1	0	1
OTU417	1	1	1	1	1	1
OTU418	0	0	1	0	1	1
OTU419	1	1	1	1	1	0
OTU420	0	0	0	0	0	0
OTU421	1	1	1	1	1	1
OTU422	1	0	0	0	0	0
OTU423	1	1	0	1	0	0
OTU424	1	1	0	0	1	1
OTU425	0	0	0	0	1	0
OTU426	0	0	0	0	0	1
OTU427	0	0	0	1	0	1
OTU428	1	0	0	0	0	0
OTU429	0	0	0	1	0	0
OTU430	0	0	1	1	0	0
OTU431	0	0	0	0	0	1
OTU432	0	0	0	0	1	1
OTU433	1	1	1	1	1	1
OTU434	1	1	1	1	1	1
OTU435	1	1	0	0	0	0
OTU436	0	0	1	0	0	0
OTU437	0	0	0	0	0	1
OTU438	0	0	1	0	0	1
OTU439	1	1	1	0	1	1
OTU440	1	1	1	1	1	1
OTU441	0	1	0	0	1	0
OTU442	1	1	0	1	0	0
OTU443	1	0	0	0	1	1
OTU444	0	1	0	1	0	0
OTU445	1	1	1	1	1	1
OTU446	0	0	0	0	0	1
OTU447	1	0	0	0	1	0
OTU448	1	1	1	1	1	1
OTU449	1	1	0	0	0	1
OTU450	0	1	0	0	0	1
OTU451	0	1	0	0	0	1
OTU452	1	1	0	0	0	0
OTU453	0	1	0	0	1	0
OTU454	1	0	1	1	0	0
OTU455	0	1	0	0	0	0
OTU456	1	1	0	1	0	0
OTU457	1	1	1	1	1	1
OTU458	1	1	0	0	1	1
OTU459	1	0	0	0	0	1
OTU460	0	0	0	0	0	1
OTU461	0	0	0	1	1	1
OTU462	0	1	0	1	1	1
OTU463	0	0	0	0	0	1
OTU464	1	1	1	1	1	1
OTU465	1	1	1	1	1	1
OTU466	1	1	1	1	1	1
OTU467	0	0	0	0	0	1
OTU468	0	1	0	1	1	0
OTU469	1	0	1	0	0	0
OTU470	1	0	0	0	0	0
OTU471	0	1	0	1	0	0
OTU472	1	1	0	0	0	1
OTU473	0	1	0	0	1	0
OTU474	1	1	1	1	1	1
OTU475	1	0	0	0	0	1
OTU476	0	1	0	0	1	0
OTU477	0	0	0	0	1	1
OTU478	1	1	1	1	1	1
OTU479	1	1	1	1	1	1
OTU480	0	1	0	1	1	1
OTU481	0	0	0	0	0	0
OTU482	1	1	1	1	1	1
OTU483	1	1	1	0	0	1
OTU484	1	1	1	1	1	1
OTU485	0	1	0	1	0	1
OTU486	1	1	0	0	0	1
OTU487	1	1	0	1	0	1
OTU488	1	1	1	1	1	1
OTU489	0	1	0	1	1	1
OTU490	1	1	0	0	1	1
OTU491	1	1	1	1	1	1
OTU492	0	0	0	0	1	1
OTU493	1	1	1	1	1	1
OTU494	1	1	1	1	1	1
OTU495	0	0	0	0	0	1
OTU496	1	1	0	1	1	1
OTU497	0	0	0	0	1	1
OTU498	0	0	0	1	1	1
OTU499	0	1	0	0	1	1
OTU500	0	0	0	0	1	0
OTU501	1	0	0	0	0	0
OTU502	1	1	1	1	1	1
OTU503	0	0	1	0	1	1
OTU504	1	1	1	1	1	1
OTU505	1	1	1	1	1	1
OTU506	1	1	1	1	1	1
OTU507	1	1	1	1	1	1
OTU508	1	1	1	1	1	1
OTU509	1	1	1	1	1	1
OTU510	1	1	1	0	1	0
OTU511	0	0	0	1	0	0
OTU512	1	0	0	0	0	0
OTU513	0	0	0	1	0	1
OTU514	1	1	1	1	1	1
OTU515	1	1	1	1	1	1
OTU516	0	0	0	0	0	0
OTU517	1	1	0	0	0	0
OTU518	0	0	0	0	0	1
OTU519	1	1	1	1	0	1
OTU520	0	1	1	0	1	1
OTU521	1	1	1	1	1	1
OTU522	1	1	1	0	1	0
OTU523	1	0	0	0	0	0
OTU524	1	1	0	1	0	1
OTU525	1	1	1	1	1	1
OTU526	0	0	0	0	0	1
OTU527	1	1	0	0	0	1
OTU528	1	1	1	1	1	1
OTU529	0	1	0	0	1	0
OTU530	1	1	0	1	1	1
OTU531	0	0	1	0	0	0
OTU532	1	1	1	1	1	1
OTU533	1	1	1	1	0	1
OTU534	0	0	0	1	1	1
OTU535	1	1	0	0	0	0
OTU536	1	0	1	1	1	1
OTU537	1	1	1	1	1	1
OTU538	0	0	0	0	0	1
OTU539	0	0	0	0	0	1
OTU540	0	0	0	1	0	0
OTU541	0	0	0	0	1	0
OTU542	0	0	0	0	1	0
OTU543	0	1	0	0	1	1
OTU544	0	0	0	0	1	0
OTU545	1	1	0	1	0	1
OTU546	1	0	0	1	0	0
OTU547	0	1	0	0	1	0
OTU548	0	0	0	0	0	1
OTU549	0	0	0	0	1	1
OTU550	1	1	0	0	1	1
OTU551	0	1	0	1	0	1
OTU552	0	0	1	0	1	1
OTU553	0	0	1	0	1	0
OTU554	0	0	1	0	0	1
OTU555	1	1	1	1	1	1
OTU556	0	0	1	0	1	0
OTU557	1	1	1	1	1	1
OTU558	1	1	1	1	1	1
OTU559	1	1	0	0	0	1
OTU560	0	1	1	0	1	1
OTU561	0	1	0	0	0	1
OTU562	0	0	0	0	1	1
OTU563	0	1	0	1	1	1
OTU564	0	0	0	0	0	1
OTU565	0	0	0	1	1	0
OTU566	0	0	0	1	0	0
OTU567	0	0	0	0	1	1
OTU568	1	1	0	0	1	0
OTU569	0	0	0	0	1	0
OTU570	0	0	0	1	0	0
OTU571	0	1	0	0	1	1
OTU572	0	1	0	0	1	0
OTU573	0	0	0	0	0	1
OTU574	1	0	0	0	0	0
OTU575	1	1	0	1	1	1
OTU576	1	1	0	0	0	1
OTU577	0	0	0	0	1	0
OTU578	0	0	0	1	0	1
OTU579	0	0	0	0	0	1
OTU580	0	1	1	0	1	0
OTU581	1	1	0	0	1	1
OTU582	0	0	0	1	0	1
OTU583	0	0	0	1	1	1
OTU584	0	0	0	0	0	0
OTU585	1	0	0	0	0	1
OTU586	1	0	1	1	1	1
OTU587	0	1	1	0	0	1
OTU588	0	1	1	0	0	0
OTU589	1	0	1	1	0	1
OTU590	1	1	1	1	1	0
OTU591	1	1	1	1	1	1
OTU592	1	1	1	1	1	1
OTU593	1	1	1	1	1	0
OTU594	1	1	1	0	1	0
OTU595	1	1	0	0	0	0
OTU596	0	0	0	0	1	0
OTU597	1	1	1	1	1	1
OTU598	0	1	0	0	1	0
OTU599	0	0	0	0	0	1
OTU600	0	1	1	1	1	1
OTU601	1	1	1	1	1	1
OTU602	0	0	0	0	0	0
OTU603	1	1	1	1	1	1
OTU604	1	0	0	0	0	0
OTU605	0	0	0	1	0	0
OTU606	0	0	0	0	1	1
OTU607	1	1	1	1	1	1
OTU608	0	0	0	0	1	0
OTU609	0	0	1	1	0	0
OTU610	1	1	1	1	1	1
OTU611	1	1	0	1	1	1
OTU612	1	1	0	0	1	0
OTU613	1	0	1	0	0	0
OTU614	1	1	0	1	0	1
OTU615	0	0	0	1	0	0
OTU616	1	1	1	1	1	1
OTU617	0	0	0	0	1	1
OTU618	0	1	0	0	0	1
OTU619	0	0	1	0	1	0
OTU620	1	1	1	1	0	1
OTU621	1	0	0	0	0	0
OTU622	1	1	0	0	0	1
OTU623	0	1	0	0	1	1
OTU624	1	0	0	1	1	0
OTU625	1	0	0	0	0	0
OTU626	0	1	1	1	0	1
OTU627	1	1	1	1	1	1
OTU628	1	0	1	1	1	0
OTU629	0	0	0	0	1	0
OTU630	0	0	0	0	1	1
OTU631	1	0	1	1	0	0
OTU632	1	0	1	0	1	0
OTU633	1	1	1	1	1	0
OTU634	1	1	0	1	0	0
OTU635	1	1	1	1	0	1
OTU636	0	0	0	0	1	0
OTU637	0	1	0	1	0	1
OTU638	1	0	0	0	0	0
OTU639	1	1	1	0	1	1
OTU640	0	1	0	0	0	0
OTU641	0	1	1	1	0	1
OTU642	1	0	1	1	1	1
OTU643	0	1	0	0	0	0
OTU644	0	1	0	0	0	1
OTU645	1	0	0	0	1	0
OTU646	1	0	0	0	0	1
OTU647	0	1	1	0	1	0
OTU648	1	1	1	1	1	1
OTU649	1	1	0	0	1	0
OTU650	1	1	1	0	1	1
OTU651	0	1	1	1	0	1
OTU652	0	1	0	0	0	1
OTU653	1	1	1	1	1	1
OTU654	0	1	0	0	1	1
OTU655	0	0	0	0	1	0
OTU656	1	1	1	1	1	1
OTU657	0	1	0	0	1	0
OTU658	0	0	0	1	0	0
OTU659	1	1	0	1	0	1
OTU660	1	1	1	1	1	1
OTU661	1	0	0	0	0	0
OTU662	0	1	1	1	1	0
OTU663	0	0	1	1	1	1
OTU664	0	0	1	1	1	1
OTU665	0	0	0	0	1	0
OTU666	0	0	1	1	0	1
OTU667	0	0	0	0	1	1
OTU668	1	0	0	0	1	0
OTU669	1	0	0	0	1	0
OTU670	1	0	1	0	0	0
OTU671	0	0	0	0	1	0
OTU672	1	0	0	1	1	0
OTU673	0	1	0	0	0	0
OTU674	0	1	0	1	1	1
OTU675	0	0	0	0	0	1
OTU676	0	0	0	0	1	1
OTU677	0	0	0	0	1	0
OTU678	1	0	1	0	0	1
OTU679	0	1	0	0	0	0
OTU680	0	0	0	0	0	1
OTU681	0	1	0	0	1	1
OTU682	0	1	1	0	0	0
OTU683	0	1	0	0	1	0
OTU684	1	1	1	1	1	1
OTU685	0	0	0	0	0	0
OTU686	1	0	0	0	0	1
OTU687	1	0	0	1	1	1
OTU688	0	1	0	0	1	0
OTU689	0	0	0	1	0	0
OTU690	1	0	0	0	0	0
OTU691	1	1	0	0	0	1
OTU692	1	1	1	1	1	1
OTU693	1	1	1	0	1	1
OTU694	1	1	1	1	1	1
OTU695	1	0	0	1	0	1
OTU696	0	0	1	0	0	0
OTU697	0	1	0	1	1	0
OTU698	1	0	0	0	0	0
OTU699	0	1	1	0	1	1
OTU700	1	0	0	1	1	1
OTU701	1	0	0	1	1	0
OTU702	1	1	0	0	0	1
OTU703	0	0	0	1	1	0
OTU704	0	1	1	0	0	0
OTU705	1	1	1	1	1	1
OTU706	0	0	1	0	0	0
OTU707	0	0	0	0	0	1
OTU708	0	0	1	0	0	1
OTU709	0	0	0	0	1	1
OTU710	1	1	0	1	1	1
OTU711	0	0	0	0	0	0
OTU712	0	0	0	1	0	0
OTU713	0	0	0	0	1	0
OTU714	1	1	0	1	1	1
OTU715	1	1	1	1	0	1
OTU716	0	1	0	0	1	1
OTU717	0	0	0	0	1	0
OTU718	1	1	1	1	1	0
OTU719	0	1	0	0	0	1
OTU720	0	0	1	0	0	0
OTU721	0	1	0	0	0	1
OTU722	0	0	0	0	1	0
OTU723	0	0	1	0	0	1
OTU724	0	0	0	0	0	1
OTU725	0	0	1	1	0	1
OTU726	0	0	0	0	1	0
OTU727	0	0	0	0	0	1
OTU728	1	1	0	0	0	1
OTU729	0	1	0	0	0	1
OTU730	1	1	0	0	0	1
OTU731	0	0	0	0	0	1
OTU732	0	0	0	0	1	0
OTU733	1	1	1	1	1	1
OTU734	1	1	1	0	1	1
OTU735	1	1	0	0	0	1
OTU736	0	0	0	1	0	0
OTU737	1	1	1	1	1	0
OTU738	1	1	1	1	1	1
OTU739	1	1	1	1	1	1
OTU740	1	1	1	1	1	0
OTU741	0	0	0	0	0	1
OTU742	0	0	0	0	0	1
OTU743	0	1	1	0	0	0
OTU744	0	0	0	0	0	0
OTU745	0	0	0	0	0	1
OTU746	0	1	0	0	1	0
OTU747	0	0	0	0	1	0
OTU748	1	0	1	0	0	0
OTU749	0	0	1	1	0	0
OTU750	0	0	0	1	1	0
OTU751	0	0	1	1	0	1
OTU752	1	0	1	1	0	1
OTU753	1	1	0	0	0	1
OTU754	0	1	0	0	0	0
OTU755	1	1	0	0	1	1
OTU756	0	0	0	0	1	1
OTU757	1	1	0	0	1	1
OTU758	0	0	0	0	1	1
OTU759	0	0	0	0	0	1
OTU760	1	1	1	1	1	1
OTU761	0	0	1	0	1	1
OTU762	0	0	0	0	0	0
OTU763	0	0	1	0	0	1
OTU764	1	1	1	1	0	1
OTU765	1	0	0	1	1	0
OTU766	1	0	0	0	0	0
OTU767	1	0	1	1	0	1
OTU768	0	0	1	1	1	1
OTU769	1	1	1	1	0	1
OTU770	1	0	0	0	1	1
OTU771	1	0	1	1	1	1
OTU772	0	1	0	0	0	1
OTU773	0	0	0	1	0	1
OTU774	0	1	0	0	0	1
OTU775	0	0	0	0	1	0
OTU776	1	1	1	1	1	1
OTU777	0	0	0	0	0	0
OTU778	1	1	1	1	1	1
OTU779	1	1	1	1	0	1
OTU780	0	0	0	0	1	1
OTU781	0	1	1	0	0	0
OTU782	0	0	0	0	0	1
OTU783	1	0	1	0	1	1
OTU784	1	1	1	1	1	0
OTU785	0	1	0	0	1	1
OTU786	1	1	1	1	1	1
OTU787	0	0	1	0	0	0
OTU788	1	0	0	0	1	1
OTU789	1	1	1	1	1	1
OTU790	1	0	0	1	0	1
OTU791	0	0	0	0	0	1
OTU792	1	1	1	1	1	1
OTU793	0	1	0	1	1	0
OTU794	0	0	0	0	1	1
OTU795	0	0	0	0	0	1
OTU796	1	1	0	0	1	1
OTU797	0	0	0	0	0	0
OTU798	0	0	0	0	1	1
OTU799	1	1	0	0	1	0
OTU800	0	0	0	0	0	1
OTU801	0	0	1	1	0	0
OTU802	0	0	0	0	0	1
OTU803	0	0	0	0	0	1
OTU804	1	1	0	1	1	1
OTU805	0	1	0	0	0	1
OTU806	0	0	0	0	0	1
OTU807	0	0	0	0	0	1
OTU808	1	0	0	0	0	0
OTU809	0	0	0	0	0	1
OTU810	0	0	0	0	0	1
OTU811	0	0	0	0	0	1
OTU812	1	1	0	1	1	1
OTU813	0	1	0	0	0	1
OTU814	0	1	0	0	1	0
OTU815	1	1	0	1	1	1
OTU816	1	1	1	1	1	1
OTU817	1	1	1	1	0	1
OTU818	1	1	1	0	1	1
OTU819	1	0	0	0	0	0
OTU820	1	1	1	1	1	1
OTU821	1	1	1	1	1	1
OTU822	0	1	0	1	1	1
OTU823	0	1	0	1	1	0
OTU824	1	0	0	0	1	0
OTU825	1	0	0	1	0	0
OTU826	0	0	0	1	0	0
OTU827	0	0	0	0	0	1
OTU828	0	0	1	0	0	0
OTU829	0	0	0	0	1	0
OTU830	1	1	0	1	1	1
OTU831	1	1	1	1	1	1
OTU832	0	0	0	0	0	1
OTU833	0	0	1	0	0	0
OTU834	1	1	1	1	1	1
OTU835	1	1	1	0	1	1
OTU836	1	1	1	1	1	1
OTU837	1	1	1	0	1	1
OTU838	1	1	1	1	1	1
OTU839	1	1	0	0	1	1
OTU840	0	0	0	0	0	0
OTU841	1	1	0	1	0	0
OTU842	0	1	0	1	0	1
OTU843	1	0	0	0	0	1
OTU844	1	1	0	0	0	0
OTU845	1	1	1	1	1	1
OTU846	1	0	1	0	0	0
OTU847	0	0	0	1	0	0
OTU848	1	0	0	0	0	1
OTU849	1	1	1	1	1	1
OTU850	1	1	1	1	0	1
OTU851	0	1	0	0	1	0
OTU852	1	1	0	1	0	1
OTU853	1	1	1	1	1	1
OTU854	1	1	1	0	1	1
OTU855	0	1	1	0	1	1
OTU856	1	1	1	1	1	1
OTU857	1	1	1	1	1	1
OTU858	1	1	1	1	1	1
OTU859	0	0	0	0	0	1
OTU860	1	1	1	1	1	1
OTU861	1	1	1	1	1	1
OTU862	1	0	0	1	0	1
OTU863	1	1	1	1	1	1
OTU864	1	1	1	1	1	1
OTU865	1	1	1	1	1	1
OTU866	1	1	1	1	1	1
OTU867	1	1	1	1	1	1
OTU868	0	1	0	0	1	0
OTU869	1	1	0	1	0	1
OTU870	0	1	1	1	0	1
OTU871	1	1	0	0	0	1
OTU872	1	1	1	1	1	1
OTU873	1	1	0	0	1	1
OTU874	1	0	1	0	0	0
OTU875	0	0	1	0	1	0
OTU876	1	1	0	0	1	1
OTU877	0	1	0	1	0	0
OTU878	1	0	0	0	0	0
OTU879	1	1	0	0	0	0
OTU880	1	1	1	1	1	1
OTU881	0	1	0	0	1	1
OTU882	1	1	1	1	1	1
OTU883	1	1	0	1	1	0
OTU884	0	0	0	1	0	1
OTU885	1	1	1	1	1	1
OTU886	1	0	0	0	0	0
OTU887	1	1	1	1	1	1
OTU888	0	1	0	1	1	1
OTU889	1	1	1	1	1	1
OTU890	1	1	1	0	1	1
OTU891	1	1	1	1	1	1
OTU892	1	1	1	1	1	1
OTU893	1	1	1	1	1	1
OTU894	0	1	0	1	0	0
OTU895	0	0	0	0	0	0
OTU896	0	1	0	0	0	1
OTU897	1	1	1	0	0	0
OTU898	1	1	1	1	1	1
OTU899	1	1	1	1	1	1
OTU900	1	0	0	0	0	0
OTU901	1	1	1	1	1	1
OTU902	1	1	1	1	1	1
OTU903	1	1	1	1	1	1
OTU904	0	0	0	0	0	1
OTU905	0	1	1	0	0	1
OTU906	1	1	1	1	1	1
OTU907	1	1	1	1	1	1
OTU908	1	1	0	0	0	0
OTU909	1	1	0	1	1	0
OTU910	1	1	1	1	1	1
OTU911	1	0	1	1	0	0
OTU912	0	0	0	0	0	1
OTU913	0	0	0	0	0	1
OTU914	1	1	1	1	1	1
OTU915	1	1	1	1	1	1
OTU916	1	1	1	0	1	1
OTU917	0	0	1	0	0	0
OTU918	1	1	1	1	1	1
OTU919	0	1	0	0	1	1
OTU920	1	0	0	0	0	0
OTU921	1	0	1	0	1	0
OTU922	0	1	1	1	1	1
OTU923	1	0	0	0	0	0
OTU924	1	1	0	0	1	1
OTU925	1	1	1	1	1	1
OTU926	0	0	0	0	0	0
OTU927	0	0	0	0	0	1
OTU928	1	1	1	1	1	1
OTU929	1	1	1	1	1	1
OTU930	1	1	1	1	1	1
OTU931	1	1	1	1	1	1
OTU932	1	1	1	1	1	1
OTU933	1	1	1	1	1	1
OTU934	1	1	1	1	1	1
OTU935	1	1	1	1	1	1
OTU936	1	1	1	1	1	1
OTU937	1	1	1	1	1	1
OTU938	1	0	0	0	0	0
OTU939	1	1	1	1	1	1
OTU940	1	1	1	1	1	1
OTU941	1	1	1	1	1	1
OTU942	1	1	0	1	0	0
OTU943	1	1	1	1	1	1
OTU944	0	0	0	0	0	1
OTU945	0	0	0	0	1	0
OTU946	1	1	1	1	1	1
OTU947	0	1	0	0	0	1
OTU948	0	0	0	1	0	0
OTU949	0	1	0	1	0	0
OTU950	1	1	1	1	0	1
OTU951	1	0	0	0	0	0
OTU952	1	0	1	1	1	1
OTU953	0	1	0	1	0	1
OTU954	1	0	0	0	0	0
OTU955	0	1	0	0	1	1
OTU956	1	1	0	0	1	0
OTU957	1	1	1	1	1	1
OTU958	0	0	0	0	0	0
OTU959	0	0	0	0	0	0
OTU960	0	1	1	0	0	0
OTU961	1	1	1	1	1	1
OTU962	1	0	0	0	1	1
OTU963	0	0	0	0	0	1
OTU964	0	0	1	0	0	0
OTU965	1	1	1	1	1	1
OTU966	1	0	0	0	0	0
OTU967	1	1	1	1	1	1
OTU968	0	0	0	0	1	0
OTU969	1	0	0	0	0	1
OTU970	0	0	0	0	0	1
OTU971	0	0	0	0	1	1
OTU972	0	0	0	0	0	0
OTU973	0	0	0	0	0	1
OTU974	0	0	0	0	1	0
OTU975	1	1	1	0	0	1
OTU976	0	0	0	0	0	1
OTU977	0	1	0	0	0	1
OTU978	0	0	0	1	0	0
OTU979	1	1	1	1	1	1
OTU980	1	1	1	1	1	1
OTU981	1	1	1	1	1	1
OTU982	0	1	1	0	1	1
OTU983	0	0	0	0	0	1
OTU984	1	0	0	0	0	0
OTU985	1	1	1	1	1	1
OTU986	1	1	1	1	1	1
OTU987	1	1	1	1	1	1
OTU988	0	0	0	0	0	0
OTU989	0	1	0	1	0	1
OTU990	1	1	1	1	1	1
OTU991	0	1	1	0	1	0
OTU992	0	0	0	0	0	1
OTU993	1	1	1	1	1	1
OTU994	0	0	0	0	0	1
OTU995	0	0	0	0	0	1
OTU996	1	1	1	1	1	1
OTU997	1	1	1	1	1	1
OTU998	0	0	0	0	1	1
OTU999	0	0	0	0	1	0
OTU1000	0	0	1	1	0	0
OTU1001	0	0	0	0	0	1
OTU1002	1	0	0	1	0	1
OTU1003	0	0	0	0	0	1
OTU1004	1	0	0	0	0	0
OTU1005	0	0	0	0	0	0
OTU1006	0	0	0	0	0	1
OTU1007	1	1	1	0	0	1
OTU1008	0	1	0	0	0	1
OTU1009	0	0	0	0	0	1
OTU1010	0	1	0	0	0	1
OTU1011	0	1	0	0	1	1
OTU1012	0	1	1	1	1	1
OTU1013	1	1	1	1	1	1
OTU1014	0	1	0	0	0	1
OTU1015	0	1	0	1	0	1
OTU1016	1	1	1	1	1	1
OTU1017	1	0	0	0	0	1
OTU1018	0	0	0	1	0	1
OTU1019	1	1	1	1	0	1
OTU1020	0	0	0	0	0	1
OTU1021	0	0	0	0	1	0
OTU1022	0	0	0	1	0	1
OTU1023	0	0	0	0	0	1
OTU1024	1	1	0	0	0	1
OTU1025	0	1	0	1	0	1
OTU1026	0	0	0	0	0	1
OTU1027	0	1	0	1	0	1
OTU1028	0	0	0	0	0	1
OTU1029	1	1	1	1	1	1
OTU1030	0	0	0	0	0	1
OTU1031	1	1	1	1	1	1
OTU1032	1	1	0	0	1	1
OTU1033	1	0	0	0	0	0
OTU1034	0	0	0	1	0	0
OTU1035	0	1	0	0	0	1
OTU1036	1	1	0	0	0	1
OTU1037	1	0	0	0	0	0
OTU1038	0	1	1	1	1	1
OTU1039	1	0	0	0	0	1
OTU1040	1	1	0	1	0	1
OTU1041	1	0	1	1	0	1
OTU1042	0	1	0	0	1	1
OTU1043	0	1	0	1	0	1
OTU1044	1	1	1	1	1	1
OTU1045	1	1	0	1	1	1
OTU1046	0	0	0	0	0	1
OTU1047	0	0	0	0	1	1
OTU1048	0	1	0	0	0	1
OTU1049	0	0	0	0	0	1
OTU1050	0	0	0	0	0	1
OTU1051	0	0	0	0	0	1
OTU1052	0	0	0	0	0	1
OTU1053	0	1	0	1	0	1
OTU1054	0	0	0	0	0	1
OTU1055	0	0	1	0	0	0
OTU1056	1	1	0	1	1	1
OTU1057	0	0	0	0	0	1
OTU1058	0	0	0	0	0	1
OTU1059	0	1	0	1	0	0
OTU1060	1	0	0	0	0	0
OTU1061	1	0	0	0	0	1
OTU1062	0	0	1	0	0	0
OTU1063	1	1	0	0	0	0
OTU1064	1	1	0	0	0	0
OTU1065	1	1	0	0	1	1
OTU1066	0	0	0	0	0	1
OTU1067	1	1	1	1	1	1
OTU1068	0	0	0	0	1	1
OTU1069	1	1	1	1	1	1
OTU1070	0	0	0	1	0	0
OTU1071	0	0	0	0	1	1
OTU1072	0	0	0	0	0	1
OTU1073	0	0	0	0	0	1
OTU1074	0	1	1	1	1	1
OTU1075	1	1	1	1	1	1
OTU1076	0	1	0	1	1	1
OTU1077	0	0	0	0	1	0
OTU1078	1	1	0	0	0	0
OTU1079	1	0	0	1	1	1
OTU1080	1	1	1	1	1	1
OTU1081	0	0	1	0	0	0
OTU1082	1	1	0	0	0	0
OTU1083	1	1	0	0	1	0
OTU1084	0	0	0	0	0	0
OTU1085	1	1	1	1	1	1
OTU1086	1	1	1	0	1	0
OTU1087	0	1	1	1	0	1
OTU1088	1	0	0	0	0	0
OTU1089	1	1	1	1	1	1
OTU1090	0	0	0	0	0	0
OTU1091	1	1	1	1	1	1
OTU1092	1	0	1	1	0	0
OTU1093	1	0	1	1	1	0
OTU1094	0	0	0	0	0	1
OTU1095	1	1	1	1	1	1
OTU1096	1	0	1	1	0	1
OTU1097	1	1	1	1	0	1
OTU1098	1	1	1	1	1	1
OTU1099	0	0	1	1	0	0
OTU1100	1	1	1	1	1	1
OTU1101	1	1	1	1	0	1
OTU1102	1	1	0	1	0	0
OTU1103	0	0	1	0	0	0
OTU1104	0	0	1	0	1	1
OTU1105	1	1	1	1	1	1
OTU1106	1	0	1	1	0	1
OTU1107	1	1	1	1	1	1
OTU1108	1	1	1	1	1	1
OTU1109	0	0	0	0	0	0
OTU1110	1	1	1	1	1	1
OTU1111	1	0	1	1	0	1
OTU1112	0	1	1	1	0	0
OTU1113	1	1	1	1	1	1
OTU1114	0	0	0	1	0	1
OTU1115	0	0	0	1	0	0
OTU1116	0	0	1	0	0	0
OTU1117	1	1	1	1	0	0
OTU1118	1	1	1	0	0	0
OTU1119	1	0	0	0	0	0
OTU1120	1	0	0	1	0	1
OTU1121	0	0	0	1	0	0
OTU1122	1	0	0	1	0	0
OTU1123	0	0	0	0	0	0
OTU1124	1	1	1	1	1	1
OTU1125	0	0	1	1	1	1
OTU1126	1	1	1	1	1	1
OTU1127	1	0	1	1	1	1
OTU1128	1	0	0	0	0	0
OTU1129	0	0	0	1	0	0
OTU1130	0	0	0	1	0	0
OTU1131	1	1	1	1	0	0
OTU1132	1	1	1	0	0	1
OTU1133	1	1	1	1	1	1
OTU1134	1	1	0	0	0	0
OTU1135	0	0	0	0	0	1
OTU1136	1	0	1	1	0	0
OTU1137	1	1	1	1	0	0
OTU1138	1	1	1	1	0	1
OTU1139	1	1	1	1	1	1
OTU1140	1	1	1	1	1	1
OTU1141	1	1	1	1	1	1
OTU1142	0	0	0	0	0	0
OTU1143	0	0	0	0	0	0
OTU1144	1	0	0	0	0	0
OTU1145	1	0	0	0	0	0
OTU1146	1	0	0	0	0	0
OTU1147	1	1	1	1	0	1
OTU1148	0	1	1	1	0	1
OTU1149	1	1	1	1	1	1
OTU1150	0	0	0	0	0	0
OTU1151	1	0	0	0	0	0
OTU1152	1	1	1	1	1	1
OTU1153	0	0	0	1	0	0
OTU1154	1	1	1	1	1	1
OTU1155	1	1	1	1	1	1
OTU1156	1	1	0	0	0	0
OTU1157	1	1	1	1	1	1
OTU1158	0	1	0	0	1	1
OTU1159	0	1	0	1	0	0
OTU1160	1	1	1	1	1	0
OTU1161	1	1	1	1	1	1
OTU1162	1	1	1	1	1	1
OTU1163	1	1	0	0	1	1
OTU1164	0	0	1	1	1	1
OTU1165	0	1	0	1	0	0
OTU1166	1	1	1	1	1	1
OTU1167	1	1	1	0	1	1
OTU1168	1	1	1	1	1	1
OTU1169	1	1	1	1	1	1
OTU1170	0	0	0	0	0	0
OTU1171	1	1	1	1	1	0
OTU1172	1	0	0	0	0	0
OTU1173	1	1	1	1	1	1
OTU1174	1	0	0	0	0	0
OTU1175	0	0	1	0	0	0
OTU1176	1	0	0	0	0	0
OTU1177	1	1	0	1	1	1
OTU1178	0	0	0	0	0	1
OTU1179	1	0	0	0	0	1
OTU1180	0	0	0	0	1	0
OTU1181	0	0	0	0	1	0
OTU1182	1	1	1	1	0	1
OTU1183	0	0	0	0	0	0
OTU1184	1	0	0	1	1	0
OTU1185	0	1	1	1	1	0
OTU1186	1	0	0	0	1	0
OTU1187	1	1	1	1	1	1
OTU1188	1	0	0	0	0	0
OTU1189	1	1	1	1	0	0
OTU1190	1	1	1	1	1	1
OTU1191	1	1	1	1	1	1
OTU1192	1	0	1	1	1	1
OTU1193	1	1	1	1	1	1
OTU1194	1	1	1	1	1	1
OTU1195	1	1	1	1	1	1
OTU1196	1	1	1	1	1	1
OTU1197	0	0	0	1	1	1
OTU1198	0	1	0	0	1	0
OTU1199	1	0	0	1	0	1
OTU1200	0	1	1	1	1	1
OTU1201	1	0	0	0	0	1
OTU1202	0	0	0	0	1	0
OTU1203	1	0	0	0	0	0
OTU1204	0	1	1	1	1	1
OTU1205	0	0	0	0	0	1
OTU1206	0	0	1	0	0	0
OTU1207	0	1	1	1	1	1
OTU1208	1	1	0	0	1	0
OTU1209	0	0	0	1	0	0
OTU1210	1	1	1	1	1	1
OTU1211	0	0	1	0	1	0
OTU1212	0	0	0	0	1	0
OTU1213	0	1	0	0	1	1
OTU1214	1	1	1	1	1	1
OTU1215	1	1	1	1	0	1
OTU1216	1	1	1	1	1	1
OTU1217	0	0	0	0	0	1
OTU1218	0	0	0	1	0	0
OTU1219	1	1	1	0	1	0
OTU1220	0	0	1	0	1	1
OTU1221	0	0	0	0	0	1
OTU1222	0	0	0	0	0	1
OTU1223	0	0	1	0	1	1
OTU1224	0	0	0	0	0	1
OTU1225	0	0	0	0	1	0
OTU1226	0	0	0	0	0	1
OTU1227	0	0	0	1	0	1
OTU1228	1	0	0	0	0	0
OTU1229	0	0	0	0	0	1
OTU1230	0	0	0	0	1	0
OTU1231	1	1	1	1	1	1
OTU1232	1	1	1	1	1	1
OTU1233	0	0	0	0	1	0
OTU1234	0	1	0	0	1	1
OTU1235	1	1	0	0	0	0
OTU1236	0	1	0	0	1	1
OTU1237	1	0	0	0	0	1
OTU1238	0	0	0	0	0	1
OTU1239	0	0	0	0	0	1
OTU1240	0	1	1	1	1	1
OTU1241	1	1	1	1	1	1
OTU1242	1	1	1	1	1	1
OTU1243	1	1	1	1	1	1
OTU1244	1	1	1	1	1	1
OTU1245	0	0	0	0	0	1
OTU1246	0	0	0	0	1	1
OTU1247	0	0	0	0	0	1
OTU1248	0	0	0	0	1	0
OTU1249	1	1	0	0	1	1
OTU1250	0	0	0	0	0	1
OTU1251	0	0	0	0	0	1
OTU1252	1	0	0	1	0	1
OTU1253	1	0	0	0	0	0
OTU1254	1	1	0	0	0	0
OTU1255	0	0	0	0	1	0
OTU1256	0	0	0	1	0	0
OTU1257	0	0	0	0	0	1
OTU1258	0	1	0	1	0	0
OTU1259	0	0	0	0	1	0
OTU1260	1	1	1	1	1	1
OTU1261	0	0	1	0	0	1
OTU1262	0	0	0	0	1	0
OTU1263	0	0	0	0	1	0
OTU1264	0	0	0	0	1	1
OTU1265	1	0	0	0	0	0
OTU1266	0	0	0	0	0	1
OTU1267	0	0	0	0	0	1
OTU1268	0	1	0	0	1	1
OTU1269	1	1	1	1	1	1
OTU1270	0	0	0	0	0	1
OTU1271	1	1	1	1	1	1
OTU1272	1	1	1	1	1	1
OTU1273	1	0	0	0	0	0
OTU1274	1	1	0	0	0	1
OTU1275	0	0	0	0	0	1
OTU1276	0	1	0	0	1	0
OTU1277	0	1	0	0	1	1
OTU1278	1	1	0	1	1	1
OTU1279	1	0	0	0	0	0
OTU1280	1	0	0	0	0	0
OTU1281	0	1	0	0	1	0
OTU1282	0	0	0	0	1	0
OTU1283	1	0	0	0	0	0
OTU1284	1	0	1	1	0	0
OTU1285	1	1	1	1	1	1
OTU1286	0	1	1	1	1	1
OTU1287	1	1	0	0	1	1
OTU1288	0	1	0	0	0	0
OTU1289	0	0	0	0	1	0
OTU1290	0	0	0	0	1	0
OTU1291	1	1	1	1	1	0
OTU1292	0	0	0	0	1	0
OTU1293	0	0	0	0	1	0
OTU1294	1	1	0	0	1	1
OTU1295	0	1	0	0	0	1
OTU1296	1	1	1	1	1	1
OTU1297	1	1	1	0	1	1
OTU1298	0	1	0	0	0	1
OTU1299	1	0	0	0	0	0
OTU1300	1	1	1	1	1	1
OTU1301	1	1	1	1	1	1
OTU1302	1	1	1	1	1	1
OTU1303	1	1	1	1	1	1
OTU1304	1	1	1	1	1	1
OTU1305	0	1	0	0	1	0
OTU1306	0	1	0	0	1	1
OTU1307	0	0	0	0	1	0
OTU1308	0	0	0	0	1	0
OTU1309	0	1	0	1	1	1
OTU1310	1	1	0	0	0	0
OTU1311	0	1	0	1	1	1
OTU1312	1	1	0	0	0	0
OTU1313	0	0	1	0	0	0
OTU1314	1	1	1	1	1	1
OTU1315	1	1	1	1	1	1
OTU1316	1	1	1	1	1	1
OTU1317	1	1	1	1	1	1
OTU1318	1	1	1	1	1	1
OTU1319	0	0	0	0	0	1
OTU1320	1	1	1	1	1	1
OTU1321	1	1	1	1	1	1
OTU1322	1	1	0	1	1	1
OTU1323	1	1	1	1	1	1
OTU1324	1	0	0	0	0	1
OTU1325	1	1	0	0	1	1
OTU1326	0	1	1	1	1	1
OTU1327	0	0	0	0	0	1
OTU1328	1	1	1	1	0	1
OTU1329	0	0	0	0	1	1
OTU1330	1	1	1	0	1	1
OTU1331	0	1	0	0	0	1
OTU1332	0	1	0	0	0	1
OTU1333	1	1	0	1	1	1
OTU1334	0	1	0	0	1	1
OTU1335	1	1	1	1	1	1
OTU1336	1	1	1	1	0	1
OTU1337	1	0	0	0	0	0
OTU1338	1	1	0	0	0	0
OTU1339	1	1	1	0	0	1
OTU1340	1	1	1	1	1	1
OTU1341	0	0	0	1	0	0
OTU1342	1	0	0	0	0	0
OTU1343	0	1	0	0	0	0
OTU1344	1	1	0	0	0	1
OTU1345	1	1	1	1	1	1
OTU1346	1	1	1	0	1	1
OTU1347	0	0	0	0	0	1
OTU1348	0	1	0	1	0	0
OTU1349	0	0	0	0	1	0
OTU1350	0	0	0	0	0	0
OTU1351	1	1	1	1	1	1
OTU1352	1	1	1	1	1	1
OTU1353	1	1	1	1	1	1
OTU1354	1	1	1	1	1	1
OTU1355	1	1	1	1	1	1
OTU1356	1	1	1	1	1	1
OTU1357	1	1	0	1	1	1
OTU1358	0	0	0	1	0	0
OTU1359	1	1	1	1	1	1
OTU1360	0	0	0	0	0	0
OTU1361	1	1	1	1	1	1
OTU1362	0	0	0	0	0	0
OTU1363	0	0	0	0	0	1
OTU1364	1	1	1	1	1	1
OTU1365	1	1	0	0	0	1
OTU1366	0	0	0	0	0	1
OTU1367	0	1	0	0	0	1
OTU1368	0	1	0	1	0	1
OTU1369	1	1	0	0	0	1
OTU1370	0	0	0	1	0	0
OTU1371	1	1	1	1	1	1
OTU1372	1	1	0	0	0	1
OTU1373	0	0	1	0	0	1
OTU1374	0	0	1	0	0	0
OTU1375	1	0	0	0	0	1
OTU1376	1	1	1	1	1	1
OTU1377	1	1	1	1	1	1
OTU1378	1	1	1	1	1	1
OTU1379	0	1	0	0	1	0
OTU1380	0	0	0	0	1	1
OTU1381	0	0	0	0	0	1
OTU1382	1	0	0	0	0	0
OTU1383	1	1	1	1	1	1
OTU1384	1	0	0	0	0	0
OTU1385	0	0	0	0	1	0
OTU1386	1	1	0	0	1	1
OTU1387	1	0	0	0	0	0
OTU1388	0	1	0	0	1	1
OTU1389	1	1	1	1	1	1
OTU1390	0	1	0	0	1	1
OTU1391	1	1	1	1	1	1
OTU1392	0	1	1	0	1	1
OTU1393	1	1	1	1	1	1
OTU1394	0	1	0	0	1	1
OTU1395	1	1	1	0	0	1
OTU1396	0	0	1	0	0	0
OTU1397	1	1	1	0	1	1
OTU1398	0	0	0	0	0	1
OTU1399	1	1	1	0	1	1
OTU1400	0	1	0	0	0	1
OTU1401	0	1	1	0	1	1
OTU1402	1	1	1	0	1	1
OTU1403	0	0	0	0	0	1
OTU1404	1	1	0	0	1	1
OTU1405	0	0	0	0	0	1
OTU1406	0	1	0	0	0	1
OTU1407	1	1	0	0	1	1
OTU1408	0	1	0	0	0	1
OTU1409	0	0	0	0	0	1
OTU1410	0	1	0	0	1	1
OTU1411	1	1	1	1	1	1
OTU1412	1	1	0	1	1	1
OTU1413	1	1	1	1	1	1
OTU1414	0	0	0	1	0	0
OTU1415	1	1	0	0	1	1
OTU1416	1	1	1	0	0	1
OTU1417	1	1	0	1	1	1
OTU1418	1	1	1	1	1	1
OTU1419	1	1	1	0	1	1
OTU1420	1	0	0	0	0	1
OTU1421	1	1	1	1	1	1
OTU1422	1	1	0	1	1	1
OTU1423	1	1	0	1	0	1
OTU1424	0	0	0	0	0	1
OTU1425	0	0	0	0	0	1
OTU1426	1	1	0	0	1	1
OTU1427	1	1	1	0	0	1
OTU1428	0	1	0	0	1	1
OTU1429	0	1	0	0	1	1
OTU1430	0	1	0	0	0	1
OTU1431	1	1	1	0	1	0
OTU1432	1	1	1	1	1	1
OTU1433	1	1	0	0	0	1
OTU1434	1	1	1	1	1	1
OTU1435	1	1	0	0	1	1
OTU1436	1	1	1	1	1	1
OTU1437	1	1	1	1	0	1
OTU1438	1	1	1	1	1	1
OTU1439	1	1	1	1	1	1
OTU1440	1	0	0	0	0	0
OTU1441	0	0	0	0	1	1
OTU1442	0	1	0	0	1	1
OTU1443	1	1	0	0	1	1
OTU1444	0	1	0	0	1	1
OTU1445	0	1	0	0	1	0
OTU1446	1	1	1	1	1	1
OTU1447	0	1	1	1	0	0
OTU1448	1	1	1	1	1	1
OTU1449	0	0	0	0	0	1
OTU1450	0	0	0	0	0	1
OTU1451	0	1	0	0	0	1
OTU1452	1	1	0	1	1	1
OTU1453	0	1	0	0	1	0
OTU1454	0	0	0	1	0	0
OTU1455	0	0	0	0	0	1
OTU1456	0	0	0	0	0	1
OTU1457	1	1	1	1	1	1
OTU1458	0	0	0	0	0	1
OTU1459	0	0	0	0	1	1
OTU1460	1	1	1	1	1	1
OTU1461	0	1	0	0	0	1
OTU1462	1	1	1	1	1	1
OTU1463	1	0	0	1	0	0
OTU1464	1	0	1	1	0	1
OTU1465	1	1	1	1	1	1
OTU1466	1	1	1	1	1	1
OTU1467	1	1	1	1	1	1
OTU1468	0	1	0	0	0	1
OTU1469	1	1	0	0	1	1
OTU1470	1	1	1	0	1	1
OTU1471	1	0	0	0	1	1
OTU1472	1	1	0	1	1	1
OTU1473	1	1	1	1	1	1
OTU1474	0	1	0	0	0	1
OTU1475	1	1	0	1	1	1
OTU1476	1	1	0	0	1	1
OTU1477	1	1	0	1	1	1
OTU1478	0	1	0	0	0	1
OTU1479	1	1	1	1	1	1
OTU1480	1	1	0	0	0	1
OTU1481	1	1	1	1	1	1
OTU1482	1	1	1	1	1	1
OTU1483	0	0	0	0	1	0
OTU1484	1	1	1	1	1	1
OTU1485	0	0	0	0	0	1
OTU1486	0	0	0	0	0	1
OTU1487	0	0	0	0	0	1
OTU1488	1	1	1	1	1	1
OTU1489	0	1	1	1	1	1
OTU1490	1	1	1	1	1	1
OTU1491	1	1	1	1	1	1
OTU1492	1	1	1	1	1	1
OTU1493	1	0	0	0	1	0
OTU1494	0	0	0	0	1	0
OTU1495	0	0	0	0	0	1
OTU1496	0	0	0	0	0	1
OTU1497	1	1	1	0	1	1
OTU1498	1	0	0	0	0	0
OTU1499	0	1	0	1	1	1
OTU1500	1	0	0	0	0	0
OTU1501	0	1	0	0	1	0
OTU1502	1	0	0	0	0	0
OTU1503	0	1	0	0	1	1
OTU1504	0	1	1	0	0	1
OTU1505	1	0	0	0	0	0
OTU1506	1	0	0	1	0	0
OTU1507	0	0	0	0	1	0
OTU1508	0	0	0	0	0	1
OTU1509	0	0	0	0	1	0
OTU1510	1	0	0	0	0	0
OTU1511	0	0	0	0	1	1
OTU1512	0	0	0	0	1	1
OTU1513	1	0	0	0	0	0
OTU1514	1	0	0	0	0	0
OTU1515	1	0	0	0	0	0
OTU1516	1	1	1	1	1	0
OTU1517	1	1	1	0	1	1
OTU1518	0	0	0	0	0	1
OTU1519	0	0	0	0	0	1
OTU1520	0	0	1	1	1	0
OTU1521	0	1	0	0	0	1
OTU1522	1	1	1	1	1	1
OTU1523	1	1	0	0	1	1
OTU1524	1	1	0	0	1	1
OTU1525	0	0	1	1	1	1
OTU1526	0	1	0	0	1	1
OTU1527	1	1	1	1	1	1
OTU1528	1	0	0	0	0	1
OTU1529	0	1	0	0	1	1
OTU1530	0	1	0	0	1	0
OTU1531	0	1	1	0	1	1
OTU1532	1	0	1	0	0	0
OTU1533	0	0	0	0	1	0
OTU1534	0	1	0	0	0	1
OTU1535	1	1	1	1	1	1
OTU1536	1	0	0	0	1	0
OTU1537	1	1	1	1	1	1
OTU1538	1	1	1	1	1	1
OTU1539	0	1	0	0	0	1
OTU1540	1	1	1	1	1	1
OTU1541	1	1	1	1	1	1
OTU1542	0	1	0	0	0	1
OTU1543	1	0	0	0	0	0
OTU1544	1	0	1	0	1	1
OTU1545	1	0	0	0	0	0
OTU1546	1	1	1	1	1	1
OTU1547	1	0	0	0	0	1
OTU1548	1	1	0	1	1	1
OTU1549	1	1	1	0	0	0
OTU1550	0	0	0	0	0	0
OTU1551	0	0	0	1	0	1
OTU1552	0	1	0	0	1	1
OTU1553	1	1	1	1	1	1
OTU1554	0	1	0	0	1	0
OTU1555	1	1	1	1	0	1
OTU1556	0	1	1	0	0	0
OTU1557	1	1	0	1	1	1
OTU1558	0	0	0	0	1	0
OTU1559	1	1	0	0	1	1
OTU1560	1	0	0	0	0	0
OTU1561	0	0	0	0	0	1
OTU1562	1	1	0	0	0	1
OTU1563	1	0	0	1	1	1
OTU1564	0	0	0	0	0	1
OTU1565	0	0	1	0	0	0
OTU1566	1	0	0	0	0	0
OTU1567	0	0	0	0	0	1
OTU1568	0	0	0	0	0	1
OTU1569	1	1	1	1	1	0
OTU1570	1	1	0	0	0	1
OTU1571	0	0	0	0	1	0
OTU1572	1	0	0	0	0	0
OTU1573	1	0	0	0	1	0
OTU1574	0	0	0	0	1	0
OTU1575	0	0	0	0	1	0
OTU1576	0	0	0	0	1	0
OTU1577	0	0	0	0	0	0
OTU1578	0	0	0	0	1	0
OTU1579	1	1	1	1	1	1
OTU1580	1	1	1	1	1	1
OTU1581	0	0	0	0	0	1
OTU1582	1	1	1	1	1	1
OTU1583	1	1	0	1	1	1
OTU1584	0	0	0	0	1	1
OTU1585	0	0	0	0	1	0
OTU1586	0	0	0	1	0	0
OTU1587	0	0	0	0	0	1
OTU1588	0	0	1	0	1	1
OTU1589	0	0	0	0	0	1
OTU1590	0	0	0	0	0	0
OTU1591	1	0	0	0	0	0
OTU1592	1	0	0	0	1	1
OTU1593	1	0	1	1	1	1
OTU1594	0	1	0	0	0	0
OTU1595	0	0	1	0	1	1
OTU1596	0	0	0	1	0	1
OTU1597	1	0	0	0	1	1
OTU1598	0	1	0	0	0	1
OTU1599	0	0	0	0	1	1
OTU1600	0	0	0	0	0	0
OTU1601	1	1	0	1	1	1
OTU1602	1	0	0	0	0	1
OTU1603	1	1	1	0	1	1
OTU1604	1	1	0	0	0	0
OTU1605	1	0	0	0	0	0
OTU1606	0	0	0	0	0	1
OTU1607	0	0	0	0	1	0
OTU1608	1	1	1	1	0	1
OTU1609	0	1	0	0	1	0
OTU1610	1	1	1	1	1	1
OTU1611	0	0	0	0	1	1
OTU1612	0	0	0	0	1	0
OTU1613	0	0	0	0	0	1
OTU1614	1	1	1	1	0	1
OTU1615	1	1	1	1	0	1
OTU1616	0	0	0	0	1	0
OTU1617	0	1	1	1	0	1
OTU1618	0	0	0	0	0	1
OTU1619	0	0	0	0	1	0
OTU1620	0	0	0	1	0	1
OTU1621	1	0	0	0	0	0
OTU1622	0	0	1	0	0	0
OTU1623	0	0	0	0	0	1
OTU1624	0	0	1	1	0	0
OTU1625	0	0	1	0	0	0
OTU1626	0	1	0	0	1	1
OTU1627	0	0	1	0	0	0
OTU1628	0	0	1	0	0	0
OTU1629	0	1	0	0	1	1
OTU1630	0	0	0	0	1	0
OTU1631	0	0	0	0	1	0
OTU1632	0	0	0	0	0	1
OTU1633	0	0	0	0	1	0
OTU1634	0	0	0	0	0	1
OTU1635	1	1	0	0	1	0
OTU1636	0	0	0	0	1	1
OTU1637	0	0	0	0	0	0
OTU1638	1	0	0	0	0	0
OTU1639	1	1	0	0	0	0
OTU1640	1	1	1	1	1	1
OTU1641	0	1	0	0	1	1
OTU1642	1	0	1	0	0	0
OTU1643	0	0	1	0	1	0
OTU1644	0	0	1	1	1	0
OTU1645	1	1	1	1	1	1
OTU1646	1	1	0	0	0	1
OTU1647	0	0	0	0	1	0
OTU1648	1	0	0	1	1	1
OTU1649	1	1	1	0	1	1
OTU1650	0	1	0	0	1	1
OTU1651	0	0	1	0	0	1
OTU1652	1	1	1	1	1	1
OTU1653	1	1	0	0	0	0
OTU1654	0	0	0	0	1	0
OTU1655	1	1	1	1	1	0
OTU1656	0	0	1	1	0	0
OTU1657	1	0	0	0	0	1
OTU1658	0	1	1	1	1	0
OTU1659	0	0	0	0	1	0
OTU1660	1	1	0	1	1	0
OTU1661	1	0	0	0	1	0
OTU1662	1	1	0	1	1	1
OTU1663	1	0	1	0	0	1
OTU1664	1	1	1	0	1	1
OTU1665	0	1	0	0	1	1
OTU1666	1	0	0	0	1	0
OTU1667	1	1	0	1	1	1
OTU1668	1	1	1	1	1	1
OTU1669	0	0	0	0	0	1
OTU1670	1	1	1	1	1	1
OTU1671	1	1	1	1	1	1
OTU1672	1	1	1	1	1	1
OTU1673	0	0	0	1	0	0
OTU1674	0	0	0	0	1	1
OTU1675	1	0	0	0	1	1
OTU1676	0	1	0	0	0	1
OTU1677	0	0	0	0	0	1
OTU1678	0	0	0	0	1	0
OTU1679	0	0	0	0	0	1
OTU1680	1	0	0	0	0	0
OTU1681	0	0	0	0	0	0
OTU1682	0	1	0	1	0	1
OTU1683	0	0	0	0	0	1
OTU1684	0	1	0	0	1	1
OTU1685	0	0	0	0	0	1
OTU1686	1	1	0	0	1	1
OTU1687	1	0	0	0	1	1
OTU1688	0	0	0	0	0	1
OTU1689	1	1	1	1	1	1
OTU1690	1	1	1	1	1	1
OTU1691	0	0	0	0	1	0
OTU1692	1	1	0	0	0	0
OTU1693	1	1	1	1	1	1
OTU1694	0	0	0	0	1	0
OTU1695	0	0	0	0	0	1
OTU1696	1	1	1	1	1	1
OTU1697	0	0	1	1	1	1
OTU1698	0	0	0	1	0	0
OTU1699	1	1	0	0	0	1
OTU1700	1	1	1	1	1	1
OTU1701	0	1	0	0	0	1
OTU1702	1	1	1	1	1	1
OTU1703	0	0	0	0	0	1
OTU1704	1	1	1	1	1	1
OTU1705	0	1	0	0	0	0
OTU1706	0	0	0	0	1	0
OTU1707	1	0	0	0	1	0
OTU1708	0	0	0	1	0	0
OTU1709	0	0	0	0	0	0
OTU1710	1	1	1	1	1	1
OTU1711	1	1	1	1	1	1
OTU1712	1	1	1	1	1	1
OTU1713	1	1	1	1	1	1
OTU1714	1	1	1	1	1	1
OTU1715	1	1	1	1	1	1
OTU1716	0	0	0	0	1	0
OTU1717	1	0	0	0	0	1
OTU1718	1	1	1	1	1	1
OTU1719	0	1	1	0	1	1
OTU1720	0	0	0	1	0	0
OTU1721	1	1	0	1	0	0
OTU1722	1	1	1	1	1	1
OTU1723	1	1	1	1	1	1
OTU1724	0	1	0	0	0	1
OTU1725	1	0	0	0	1	0
OTU1726	0	1	0	0	0	1
OTU1727	1	1	0	0	1	1
OTU1728	0	1	1	1	0	0
OTU1729	0	0	0	0	0	1
OTU1730	1	1	1	1	1	1
OTU1731	1	1	1	1	1	1
OTU1732	1	0	0	0	1	1
OTU1733	0	0	0	0	0	1
OTU1734	0	1	0	0	1	1
OTU1735	0	0	0	1	0	0
OTU1736	1	1	1	1	1	1
OTU1737	1	1	1	1	1	1
OTU1738	0	0	0	0	0	1
OTU1739	1	1	0	1	1	1
OTU1740	0	0	0	1	1	1
OTU1741	0	0	0	0	0	1
OTU1742	1	0	1	0	0	0
OTU1743	0	0	0	0	0	1
OTU1744	1	1	1	1	1	1
OTU1745	0	1	1	1	1	1
OTU1746	0	0	1	0	0	0
OTU1747	0	0	1	0	0	0
OTU1748	1	1	1	1	1	1
OTU1749	1	1	0	0	1	0
OTU1750	0	0	0	0	1	0
OTU1751	0	0	0	1	0	0
OTU1752	0	0	0	0	0	0
OTU1753	1	0	0	0	0	0
OTU1754	0	0	0	0	0	1
OTU1755	1	1	1	1	1	1
OTU1756	1	1	1	1	1	1
OTU1757	1	1	0	0	0	0
OTU1758	1	1	1	1	1	1
OTU1759	1	1	1	1	1	1
OTU1760	1	1	0	1	1	1
OTU1761	0	0	0	1	0	1
OTU1762	1	0	0	0	0	0
OTU1763	0	0	0	0	0	1
OTU1764	1	1	1	1	1	1
OTU1765	1	1	1	1	1	1
OTU1766	1	1	1	1	1	1
OTU1767	1	1	1	1	1	1
OTU1768	1	1	1	1	1	1
OTU1769	1	1	1	1	1	1
OTU1770	1	1	1	1	1	1
OTU1771	1	0	0	0	0	0
OTU1772	1	1	1	1	1	1
OTU1773	1	1	1	1	1	1
OTU1774	0	0	0	0	0	1
OTU1775	1	1	1	1	1	1
OTU1776	1	1	1	1	1	1
OTU1777	1	1	1	0	1	1
OTU1778	1	1	1	1	1	1
OTU1779	1	1	1	1	1	1
OTU1780	0	1	1	0	0	1
OTU1781	0	1	1	0	1	1
OTU1782	0	1	0	0	1	1
OTU1783	1	0	0	0	0	0
OTU1784	1	1	1	1	1	1
OTU1785	1	0	0	0	0	0
OTU1786	1	0	0	1	0	1
OTU1787	1	1	1	1	1	1
OTU1788	0	0	0	0	1	1
OTU1789	0	0	0	0	1	1
OTU1790	1	1	1	1	1	1
OTU1791	1	1	1	1	1	1
OTU1792	1	1	0	0	1	1
OTU1793	0	1	0	1	1	1
OTU1794	0	1	0	0	1	1
OTU1795	1	1	1	1	1	1
OTU1796	0	1	0	0	1	0
OTU1797	0	1	0	0	0	1
OTU1798	1	1	1	1	1	1
OTU1799	1	1	1	1	1	1
OTU1800	0	1	1	1	1	1
OTU1801	0	1	1	1	1	0
OTU1802	1	0	0	1	1	1
OTU1803	1	1	1	1	1	1
OTU1804	1	1	1	1	1	1
OTU1805	1	1	0	0	1	0
OTU1806	0	0	1	0	1	1
OTU1807	0	0	1	0	0	1
OTU1808	1	0	1	0	0	0
OTU1809	0	1	0	0	1	0
OTU1810	1	1	0	0	0	0
OTU1811	0	0	1	1	1	1
OTU1812	0	0	0	0	0	0
OTU1813	1	1	1	1	1	1
OTU1814	0	0	1	0	0	0
OTU1815	0	0	0	0	1	1
OTU1816	0	0	1	0	1	1
OTU1817	1	1	1	0	1	1
OTU1818	0	1	0	0	1	1
OTU1819	0	0	0	0	1	1
OTU1820	1	1	0	0	0	1
OTU1821	1	0	0	0	0	0
OTU1822	0	0	0	0	1	0
OTU1823	1	1	1	1	1	1
OTU1824	1	1	1	1	1	1
OTU1825	1	0	1	1	1	0
OTU1826	0	1	1	1	1	0
OTU1827	0	1	1	1	1	1
OTU1828	1	1	1	1	1	1
OTU1829	0	0	1	1	1	1
OTU1830	1	1	1	1	1	1
OTU1831	1	0	1	1	1	1
OTU1832	0	0	0	0	1	0
OTU1833	1	1	0	0	0	0
OTU1834	1	1	1	1	1	1
OTU1835	1	0	1	1	0	0
OTU1836	0	0	0	0	0	1
OTU1837	1	1	1	1	1	1
OTU1838	0	0	0	0	0	1
OTU1839	1	1	1	1	1	1
OTU1840	1	1	1	0	0	1
OTU1841	0	0	0	0	0	1
OTU1842	1	0	0	0	0	0
OTU1843	1	1	0	0	0	0
OTU1844	1	1	1	1	0	0
OTU1845	0	0	0	0	0	1
OTU1846	0	0	0	0	1	0
OTU1847	0	0	0	0	0	0
OTU1848	0	1	0	1	1	1
OTU1849	1	1	1	1	1	1
OTU1850	1	0	1	0	1	1
OTU1851	1	1	1	1	1	1
OTU1852	1	1	0	0	1	1
OTU1853	1	1	1	1	1	1
OTU1854	0	0	0	0	1	0
OTU1855	0	1	0	0	1	0
OTU1856	1	1	1	1	1	1
OTU1857	1	1	1	1	1	1
OTU1858	0	0	0	0	1	1
OTU1859	1	1	1	1	1	1
OTU1860	1	0	1	1	1	0
OTU1861	1	0	0	1	0	0
OTU1862	1	1	1	1	1	1
OTU1863	0	0	0	0	1	0
OTU1864	1	0	1	0	0	0
OTU1865	1	0	0	0	0	0
OTU1866	0	1	0	0	1	0
OTU1867	1	1	1	1	1	1
OTU1868	0	1	1	0	1	1
OTU1869	0	0	0	0	0	0
OTU1870	1	1	1	1	1	1
OTU1871	0	0	0	0	0	0
OTU1872	0	0	0	0	0	1
OTU1873	1	0	0	0	0	0
OTU1874	1	1	1	1	1	1
OTU1875	0	0	0	0	1	1
OTU1876	1	0	0	0	0	0
OTU1877	0	0	1	1	0	0
OTU1878	1	0	1	0	0	1
OTU1879	1	1	1	1	1	1
OTU1880	1	1	1	1	1	1
OTU1881	0	0	0	0	1	1
OTU1882	0	0	0	1	0	1
OTU1883	0	0	0	0	1	0
OTU1884	1	1	0	0	1	1
OTU1885	0	0	0	1	0	0
OTU1886	1	0	0	0	0	0
OTU1887	0	0	0	0	1	0
OTU1888	0	1	0	1	1	0
OTU1889	0	1	1	0	0	0
OTU1890	0	1	1	0	1	0
OTU1891	1	0	0	0	0	0
OTU1892	0	0	0	1	0	0
OTU1893	0	1	0	0	1	0
OTU1894	0	0	0	1	0	0
OTU1895	1	1	0	0	0	1
OTU1896	1	1	1	0	1	0
OTU1897	0	0	0	0	1	0
OTU1898	0	0	0	0	0	1
OTU1899	0	0	0	0	0	1
OTU1900	1	0	0	1	0	0
OTU1901	1	0	0	1	0	0
OTU1902	0	0	1	0	0	0
OTU1903	1	0	0	0	0	0
OTU1904	1	1	1	1	1	1
OTU1905	1	1	1	1	1	0
OTU1906	1	1	1	1	1	1
OTU1907	1	1	1	1	1	1
OTU1908	1	1	1	1	1	1
OTU1909	1	0	0	0	0	0
OTU1910	0	0	1	0	1	1
OTU1911	1	0	0	0	0	0
OTU1912	1	1	1	1	1	1
OTU1913	0	0	0	0	0	1
OTU1914	0	0	1	1	0	0
OTU1915	1	1	1	1	1	1
OTU1916	1	1	1	1	1	1
OTU1917	0	0	0	0	1	0
OTU1918	0	1	1	0	0	0
OTU1919	0	0	1	0	0	0
OTU1920	1	1	1	1	1	1
OTU1921	0	1	0	1	1	1
OTU1922	0	0	1	0	1	0
OTU1923	1	0	1	0	1	0
OTU1924	0	1	1	1	0	0
OTU1925	0	0	0	0	1	1
OTU1926	0	0	0	0	1	1
OTU1927	0	0	1	1	1	0
OTU1928	0	0	1	0	0	0
OTU1929	0	0	1	0	0	0
OTU1930	0	0	0	0	1	0
OTU1931	1	0	1	1	0	1
OTU1932	1	1	1	1	1	1
OTU1933	1	1	1	1	1	1
OTU1934	1	1	1	1	1	1
OTU1935	1	1	0	0	1	1
OTU1936	1	1	1	1	1	1
OTU1937	1	1	1	1	1	1
OTU1938	0	1	1	1	0	1
OTU1939	1	0	0	0	0	0
OTU1940	1	1	1	1	1	1
OTU1941	1	1	1	1	1	1
OTU1942	1	1	1	1	1	1
OTU1943	1	1	0	1	1	1
OTU1944	0	0	0	0	1	1
OTU1945	1	1	0	0	0	1
OTU1946	1	1	1	1	1	1
OTU1947	0	0	0	0	1	1
OTU1948	0	1	0	0	0	1
OTU1949	1	0	0	0	0	1
OTU1950	1	1	1	1	1	1
OTU1951	1	1	1	1	1	1
OTU1952	1	1	1	1	1	0
OTU1953	0	0	1	0	0	1
OTU1954	0	1	0	0	0	1
OTU1955	1	1	1	1	1	1
OTU1956	1	1	1	1	1	1
OTU1957	0	1	0	0	1	1
OTU1958	0	1	0	1	1	1
OTU1959	1	0	0	0	0	0
OTU1960	1	1	0	0	0	1
OTU1961	0	0	0	0	1	1
OTU1962	1	1	1	1	1	1
OTU1963	0	1	0	0	1	0
OTU1964	0	0	0	0	0	1
OTU1965	1	0	0	0	1	0
OTU1966	1	0	1	1	1	1
OTU1967	1	1	1	1	1	0
OTU1968	1	1	1	1	1	1
OTU1969	1	1	1	1	1	1
OTU1970	0	0	1	0	0	1
OTU1971	1	1	1	1	1	1
OTU1972	0	0	1	1	1	1
OTU1973	0	0	0	1	0	0
OTU1974	0	0	0	1	0	0
OTU1975	1	1	0	1	0	0
OTU1976	0	1	0	0	0	0
OTU1977	0	1	1	1	1	0
OTU1978	0	1	0	0	1	1
OTU1979	1	1	0	0	1	0
OTU1980	1	1	1	1	1	1
OTU1981	0	0	0	0	1	0
OTU1982	1	1	0	1	1	1
OTU1983	1	0	0	0	0	0
OTU1984	1	0	1	0	0	0
OTU1985	0	0	0	1	1	1
OTU1986	0	1	0	1	0	0
OTU1987	0	0	0	1	1	1
OTU1988	0	1	0	0	1	1
OTU1989	0	0	1	1	0	0
OTU1990	1	1	1	1	1	1
OTU1991	1	1	1	0	1	1
OTU1992	1	0	1	1	1	0
OTU1993	0	1	0	0	0	0
OTU1994	1	1	1	1	1	1
OTU1995	0	1	1	1	1	1
OTU1996	1	1	1	1	1	0
OTU1997	1	1	1	1	1	1
OTU1998	0	0	0	0	1	0
OTU1999	0	0	0	0	0	1
OTU2000	0	0	1	1	1	1
OTU2001	1	1	1	0	1	1
OTU2002	0	0	0	0	1	0
OTU2003	1	1	0	0	1	1
OTU2004	0	1	0	1	1	1
OTU2005	0	1	0	1	1	1
OTU2006	0	0	1	1	1	1
OTU2007	1	1	0	0	1	1
OTU2008	1	1	1	0	1	1
OTU2009	0	0	0	1	0	0
OTU2010	1	0	0	0	0	0
OTU2011	0	0	0	0	0	1
OTU2012	1	1	1	1	1	1
OTU2013	1	1	1	1	1	1
OTU2014	1	1	1	1	1	1
OTU2015	1	1	1	1	1	1
OTU2016	1	1	1	1	1	1
OTU2017	1	1	1	1	1	1
OTU2018	1	0	1	1	1	1
OTU2019	0	1	1	0	0	0
OTU2020	1	1	1	1	1	1
OTU2021	1	1	1	1	1	1
OTU2022	1	0	0	1	0	0
OTU2023	1	1	1	1	1	1
OTU2024	1	0	1	0	0	0
OTU2025	0	0	0	0	0	1
OTU2026	1	1	0	1	0	1
OTU2027	1	1	0	0	1	1
OTU2028	1	1	1	1	1	1
OTU2029	0	0	0	0	0	1
OTU2030	0	0	0	0	1	0
OTU2031	1	0	0	0	0	0
OTU2032	0	0	0	0	0	1
OTU2033	0	1	1	0	0	0
OTU2034	1	1	1	1	1	1
OTU2035	1	1	0	0	1	1
OTU2036	0	0	0	0	1	0
OTU2037	1	0	1	1	0	0
OTU2038	1	1	1	1	1	1
OTU2039	0	1	0	1	1	0
OTU2040	1	1	1	1	1	1
OTU2041	0	0	0	1	1	1
OTU2042	1	1	1	1	1	1
OTU2043	1	1	1	1	1	1
OTU2044	0	1	1	0	0	0
OTU2045	1	0	0	0	0	0
OTU2046	1	1	1	1	1	1
OTU2047	0	0	0	1	0	0
OTU2048	1	1	1	1	1	1
OTU2049	0	0	1	0	1	0
OTU2050	0	0	0	0	0	0
OTU2051	0	0	0	0	0	1
OTU2052	1	1	1	1	1	1
OTU2053	1	0	1	1	0	1
OTU2054	0	0	0	0	1	0
OTU2055	1	1	1	1	1	1
OTU2056	1	1	1	1	1	0
OTU2057	1	1	1	0	0	1
OTU2058	1	1	0	0	0	1
OTU2059	1	0	1	0	0	0
OTU2060	1	1	1	1	1	1
OTU2061	0	0	0	0	0	0
OTU2062	1	1	1	1	1	1
OTU2063	1	0	1	1	0	1
OTU2064	0	0	1	1	0	1
OTU2065	0	0	0	0	0	1
OTU2066	1	0	0	0	0	0
OTU2067	1	0	1	0	0	0
OTU2068	1	1	1	1	1	1
OTU2069	0	1	1	1	1	1
OTU2070	1	1	1	1	1	1
OTU2071	0	0	0	1	0	0
OTU2072	0	0	0	0	1	0
OTU2073	1	0	0	0	0	1
OTU2074	1	1	0	0	1	1
OTU2075	1	1	0	1	1	0
OTU2076	1	0	0	1	0	0
OTU2077	0	0	0	0	1	0
OTU2078	0	0	0	0	1	0
OTU2079	1	0	1	1	1	1
OTU2080	0	0	0	0	0	0
OTU2081	1	1	1	0	0	1
OTU2082	0	0	1	1	0	0
OTU2083	1	0	1	1	1	0
OTU2084	1	1	1	1	0	1
OTU2085	1	0	1	0	0	1
OTU2086	0	1	0	0	1	0
OTU2087	0	0	0	0	0	1
OTU2088	0	0	1	0	0	0
OTU2089	1	0	0	0	0	0
OTU2090	0	1	1	1	0	1
OTU2091	1	0	0	0	0	0
OTU2092	0	0	0	0	0	1
OTU2093	1	0	0	0	0	0
OTU2094	0	0	0	0	0	1
OTU2095	0	0	0	0	0	0
OTU2096	0	1	0	0	1	0
OTU2097	0	1	1	1	0	0
OTU2098	0	0	0	1	0	1
OTU2099	0	0	0	0	0	1
OTU2100	0	0	0	0	1	0
OTU2101	0	0	0	0	1	0
OTU2102	0	0	0	0	0	1
OTU2103	0	0	0	0	1	0
OTU2104	0	0	0	1	0	0
OTU2105	1	1	1	0	1	1
OTU2106	1	0	0	0	0	0
OTU2107	1	1	1	0	1	1
OTU2108	0	0	0	1	1	0
OTU2109	1	1	0	1	1	0
OTU2110	1	1	1	1	1	1
OTU2111	1	1	1	1	0	0
OTU2112	0	0	0	0	0	0
OTU2113	0	0	0	0	0	1
OTU2114	0	0	0	0	0	0
OTU2115	1	1	0	0	0	0
OTU2116	0	0	0	0	0	1
OTU2117	1	0	0	0	1	0
OTU2118	1	1	1	1	1	1
OTU2119	0	0	0	0	1	0
OTU2120	1	1	1	0	1	0
OTU2121	0	0	0	0	1	0
OTU2122	0	0	0	0	1	0
OTU2123	1	1	1	1	1	0
OTU2124	0	0	0	0	0	0
OTU2125	1	0	1	0	0	0
OTU2126	1	0	1	1	1	1
OTU2127	0	1	0	0	0	1
OTU2128	1	0	0	1	1	0
OTU2129	0	0	0	0	0	1
OTU2130	1	0	1	0	1	0
OTU2131	1	1	1	1	1	1
OTU2132	1	0	1	0	1	1
OTU2133	0	0	0	0	0	0
OTU2134	0	0	0	0	0	0
OTU2135	1	0	1	1	1	0
OTU2136	0	1	0	0	1	0
OTU2137	1	0	0	0	0	0
OTU2138	0	0	0	0	1	0
OTU2139	0	0	1	0	1	1
OTU2140	0	0	1	1	1	0
OTU2141	0	0	0	0	0	1
OTU2142	1	1	0	0	0	0
OTU2143	0	0	1	0	0	0
OTU2144	0	0	1	0	0	0
OTU2145	0	0	0	0	0	0
OTU2146	0	0	1	1	0	0
OTU2147	0	0	0	0	1	0
OTU2148	1	1	1	1	1	1
OTU2149	1	1	0	1	1	0
OTU2150	0	0	0	0	1	0
OTU2151	0	0	0	1	0	0
OTU2152	0	1	0	1	0	0
OTU2153	0	0	0	0	1	0
OTU2154	1	0	0	0	0	0
OTU2155	1	1	1	1	1	1
OTU2156	0	0	0	0	1	0
OTU2157	0	0	0	0	1	0
OTU2158	0	0	0	0	0	0
OTU2159	0	1	0	0	0	0
OTU2160	0	0	0	0	0	0
OTU2161	0	0	0	0	0	0
OTU2162	0	0	0	0	0	0
OTU2163	0	0	0	0	0	0
OTU2164	0	1	0	0	0	0
OTU2165	0	0	0	0	0	0
OTU2166	0	0	0	0	0	0
OTU2167	0	1	0	0	0	0
OTU2168	0	1	0	0	0	0
OTU2169	0	0	0	0	0	0
OTU2170	0	0	0	0	0	0
OTU2171	0	0	0	0	0	0
OTU2172	0	0	0	0	0	0
OTU2173	0	1	0	0	0	0
OTU2174	0	0	0	0	0	0
OTU2175	0	0	0	0	0	0
OTU2176	0	0	0	0	0	0
OTU2177	0	0	0	0	0	0
OTU2178	0	0	0	0	0	0
OTU2179	0	1	0	0	0	0
OTU2180	0	0	0	0	0	0
OTU2181	0	1	0	0	0	0
OTU2182	0	0	0	0	0	0
OTU2183	0	1	0	0	0	0
OTU2184	0	0	0	0	0	0
OTU2185	0	0	0	0	0	0
OTU2186	0	0	0	0	0	0
OTU2187	0	0	0	0	0	0
OTU2188	0	0	0	0	0	0
OTU2189	0	0	0	0	0	0
OTU2190	0	0	0	0	0	0
OTU2191	0	0	0	0	0	0
OTU2192	0	0	0	0	0	0
OTU2193	0	0	0	0	0	0
OTU2194	0	0	0	0	0	0
OTU2195	0	1	0	0	0	0
OTU2196	0	0	0	0	0	0
OTU2197	0	0	0	0	0	0
OTU2198	0	0	0	0	0	0
OTU2199	0	0	0	0	0	0
OTU2200	0	1	0	0	0	0
OTU2201	0	0	0	0	0	0
OTU2202	0	0	0	0	0	0
OTU2203	0	0	0	0	0	0
OTU2204	0	0	0	0	0	0
OTU2205	0	0	0	0	0	0
OTU2206	0	0	0	0	0	0
OTU2207	0	0	0	0	0	0
OTU2208	0	0	0	0	0	0
OTU2209	0	0	0	0	0	0
OTU2210	0	0	0	0	0	0
OTU2211	0	0	0	0	0	0
OTU2212	0	0	0	0	0	0
OTU2213	0	0	0	0	0	0
OTU2214	0	1	0	0	0	0
OTU2215	0	1	0	0	0	0
OTU2216	0	1	0	0	0	0
OTU2217	0	0	0	0	0	0
OTU2218	0	0	0	0	0	0
OTU2219	0	0	0	0	0	0
OTU2220	0	1	0	0	0	0
OTU2221	0	1	0	0	0	0
OTU2222	0	0	0	0	0	0
OTU2223	0	0	0	0	0	0
OTU2224	0	0	0	0	0	0
OTU2225	0	0	0	0	0	0
OTU2226	0	0	0	0	0	0
OTU2227	0	0	0	0	0	0
OTU2228	0	0	0	0	0	0
OTU2229	0	1	0	0	0	0
OTU2230	0	1	0	0	0	0
OTU2231	0	1	0	0	0	0
OTU2232	0	0	0	0	0	0
OTU2233	0	0	0	0	0	0
OTU2234	0	0	0	0	0	0
OTU2235	0	0	0	0	0	0
OTU2236	0	0	0	0	0	0
OTU2237	0	0	0	0	0	0
OTU2238	0	1	0	0	0	0
OTU2239	0	0	0	0	0	0
OTU2240	0	0	0	0	0	0
OTU2241	0	0	0	0	0	0
OTU2242	0	0	0	0	0	0
OTU2243	0	0	0	0	0	0
OTU2244	0	1	0	0	0	0
OTU2245	0	1	0	0	0	0
OTU2246	0	0	0	0	0	0
OTU2247	0	0	0	0	0	0
OTU2248	0	0	0	0	0	0
OTU2249	0	0	0	0	0	0
OTU2250	0	0	0	0	0	0
OTU2251	0	0	0	0	0	0
OTU2252	0	0	0	0	0	0
OTU2253	0	0	0	0	0	0
OTU2254	0	0	0	0	0	0
OTU2255	0	0	0	0	0	0
OTU2256	0	0	0	0	0	0
OTU2257	0	0	0	0	0	0
OTU2258	0	0	0	0	0	0
OTU2259	0	0	0	0	0	0
OTU2260	0	0	0	0	0	0
OTU2261	0	0	0	0	0	0
OTU2262	0	1	0	0	0	0
OTU2263	0	0	0	0	0	0
OTU2264	0	1	0	0	0	0
OTU2265	0	1	0	0	0	0
OTU2266	0	0	0	0	0	0
OTU2267	0	0	0	0	0	0
OTU2268	0	0	0	0	0	0
OTU2269	0	0	0	0	0	0
OTU2270	0	0	0	0	0	0
OTU2271	0	0	0	0	0	0
OTU2272	0	0	0	0	0	0
OTU2273	0	0	0	0	0	0
OTU2274	0	0	0	0	0	0
OTU2275	0	0	0	0	0	0
OTU2276	0	0	0	0	0	0
OTU2277	0	1	0	0	0	0
OTU2278	0	0	0	0	0	0
OTU2279	0	1	0	0	0	0
OTU2280	0	0	0	0	0	0
OTU2281	0	0	0	0	0	0
OTU2282	0	0	0	0	0	0
OTU2283	0	0	0	0	0	0
OTU2284	0	0	0	0	0	0
OTU2285	0	1	0	0	0	0
OTU2286	0	1	0	0	0	0
OTU2287	0	0	0	0	0	0
OTU2288	0	0	0	0	0	0
OTU2289	0	0	0	0	0	0
OTU2290	0	0	0	0	0	0
OTU2291	0	0	0	0	0	0
OTU2292	0	0	0	0	0	0
OTU2293	0	0	0	0	0	0
OTU2294	0	1	0	0	0	0
OTU2295	0	0	0	0	0	0
OTU2296	0	0	0	0	0	0
OTU2297	0	0	0	0	0	0
OTU2298	0	0	0	0	0	0
OTU2299	0	0	0	0	0	0
OTU2300	0	0	0	0	0	0
OTU2301	0	0	0	0	0	0
OTU2302	0	0	0	0	0	0
OTU2303	0	1	0	0	0	0
OTU2304	0	0	0	0	0	0
OTU2305	0	0	0	0	0	0
OTU2306	0	0	0	0	0	0
OTU2307	0	0	0	0	0	0
OTU2308	0	0	0	0	0	0
OTU2309	0	0	0	0	0	0
OTU2310	0	0	0	0	0	0
OTU2311	0	0	0	0	0	0
OTU2312	0	0	0	0	0	0
OTU2313	0	0	0	0	0	0
OTU2314	0	0	0	0	0	0
OTU2315	0	1	0	0	0	0
OTU2316	0	0	0	0	0	0
OTU2317	0	0	0	0	0	0
OTU2318	0	0	0	0	0	0
OTU2319	0	0	0	0	0	0
OTU2320	0	0	0	0	0	0
OTU2321	0	0	0	0	0	0
OTU2322	0	0	0	0	0	0
OTU2323	0	0	0	0	0	0
OTU2324	0	0	0	0	0	0
OTU2325	0	1	0	0	0	0
OTU2326	0	1	0	0	0	0
OTU2327	0	0	0	0	0	0
OTU2328	0	0	0	0	0	0
OTU2329	0	0	0	0	0	0
OTU2330	0	0	0	0	0	0
OTU2331	0	0	0	0	0	0
OTU2332	0	0	0	0	0	0
OTU2333	0	0	0	0	0	0
OTU2334	0	0	0	0	0	0
OTU2335	0	1	0	0	0	0
OTU2336	0	0	0	0	0	0
OTU2337	0	1	0	0	0	0
OTU2338	0	0	0	0	0	0
OTU2339	0	0	0	0	0	0
OTU2340	0	0	0	0	0	0
OTU2341	0	1	0	0	0	0
OTU2342	0	0	0	0	0	0
OTU2343	0	0	0	0	0	0
OTU2344	0	0	0	0	0	0
OTU2345	0	0	0	0	0	0
OTU2346	0	0	0	0	0	0
OTU2347	0	1	0	0	0	0
OTU2348	0	0	0	0	0	0
OTU2349	0	0	0	0	0	0
OTU2350	0	0	0	0	0	0
OTU2351	0	0	0	0	0	0
OTU2352	0	1	0	0	0	0
OTU2353	0	0	0	0	0	0
OTU2354	0	0	0	0	0	0
OTU2355	0	0	0	0	0	0
OTU2356	0	1	0	0	0	0
OTU2357	0	0	0	0	0	0
OTU2358	0	0	0	0	0	0
OTU2359	0	0	0	0	0	0
OTU2360	0	0	0	0	0	0
OTU2361	0	0	0	0	0	0
OTU2362	0	0	0	0	0	0
OTU2363	0	1	0	0	0	0
OTU2364	0	1	0	0	0	0
OTU2365	0	1	0	0	0	0
OTU2366	0	0	0	0	0	0
OTU2367	0	0	0	0	0	0
OTU2368	0	0	0	0	0	0
OTU2369	0	0	0	0	0	0
OTU2370	0	0	0	0	0	0
OTU2371	0	0	0	0	0	0
OTU2372	0	0	0	0	0	0
OTU2373	0	0	0	0	0	0
OTU2374	0	1	0	0	0	0
OTU2375	0	1	0	0	0	0
OTU2376	0	0	0	0	0	0
OTU2377	0	0	0	0	0	0
OTU2378	0	0	0	0	0	0
OTU2379	0	1	0	0	0	0
OTU2380	0	0	0	0	0	0
OTU2381	0	0	0	0	0	0
OTU2382	0	0	0	0	0	0
OTU2383	0	0	0	0	0	0
OTU2384	0	0	0	0	0	0
OTU2385	0	0	0	0	0	0
OTU2386	0	0	0	0	0	0
OTU2387	0	0	0	0	0	0
OTU2388	0	0	0	0	0	0
OTU2389	0	0	0	0	0	0
OTU2390	0	0	0	0	0	0
OTU2391	0	0	0	0	0	0
OTU2392	0	0	0	0	0	0
OTU2393	0	0	0	0	0	0
OTU2394	0	0	0	0	0	0
OTU2395	0	0	0	0	0	0
OTU2396	0	0	0	0	0	0
OTU2397	0	0	0	0	0	0
OTU2398	0	0	0	0	0	0
OTU2399	0	0	0	0	0	0
OTU2400	0	1	0	0	0	0
OTU2401	0	0	0	0	0	0
OTU2402	0	0	0	0	0	0
OTU2403	0	0	0	0	0	0
OTU2404	0	0	0	0	0	0
OTU2405	0	1	0	0	0	0
OTU2406	0	0	0	0	0	0
OTU2407	0	0	0	0	0	0
OTU2408	0	0	0	0	0	0
OTU2409	0	0	0	0	0	0
OTU2410	0	0	0	0	0	0
OTU2411	0	0	0	0	0	0
OTU2412	0	0	0	0	0	0
OTU2413	0	0	0	0	0	0
OTU2414	0	0	0	0	0	0
OTU2415	0	0	0	0	0	0
OTU2416	0	0	0	0	0	0
OTU2417	0	0	0	0	0	0
OTU2418	0	1	0	0	0	0
OTU2419	0	0	0	0	0	0
OTU2420	0	0	0	0	0	0
OTU2421	0	1	0	0	0	0
OTU2422	0	0	0	0	0	0
OTU2423	0	0	0	0	0	0
OTU2424	0	0	0	0	0	0
OTU2425	0	0	0	0	0	0
OTU2426	0	0	0	0	0	0
OTU2427	0	0	0	0	0	0
OTU2428	0	1	0	0	0	0
OTU2429	0	0	0	0	0	0
OTU2430	0	0	0	0	0	0
OTU2431	0	0	0	0	0	0
OTU2432	0	0	0	0	0	0
OTU2433	0	0	0	0	0	0
OTU2434	0	0	0	0	0	0
OTU2435	0	0	0	0	0	0
OTU2436	0	0	0	0	0	0
OTU2437	0	0	0	0	0	0
OTU2438	0	0	0	0	0	0
OTU2439	0	0	0	0	0	0
OTU2440	0	0	0	0	0	0
OTU2441	0	0	0	0	0	0
OTU2442	0	0	0	0	0	0
OTU2443	0	1	0	0	0	0
OTU2444	0	0	0	0	0	0
OTU2445	0	0	0	0	0	0
OTU2446	0	0	0	0	0	0
OTU2447	0	0	0	0	0	0
OTU2448	0	0	0	0	0	0
OTU2449	0	1	0	0	0	0
OTU2450	0	0	0	0	0	0
OTU2451	0	0	0	0	0	0
OTU2452	0	0	0	0	0	0
OTU2453	0	0	0	0	0	0
OTU2454	0	0	0	0	0	0
OTU2455	0	0	0	0	0	0
OTU2456	0	0	0	0	0	0
OTU2457	0	1	0	0	0	0
OTU2458	0	0	0	0	0	0
OTU2459	0	0	0	0	0	0
OTU2460	0	0	0	0	0	0
OTU2461	0	0	0	0	0	0
OTU2462	0	0	0	0	0	0
OTU2463	0	0	0	0	0	0
OTU2464	0	0	0	0	0	0
OTU2465	0	0	0	0	0	0
OTU2466	0	0	0	0	0	0
OTU2467	0	0	0	0	0	0
OTU2468	0	1	0	0	0	0
OTU2469	0	0	0	0	0	0
OTU2470	0	0	0	0	0	0
OTU2471	0	0	0	0	0	0
OTU2472	0	0	0	0	0	0
OTU2473	0	0	0	0	0	0
OTU2474	0	0	0	0	0	0
OTU2475	0	0	0	0	0	0
OTU2476	0	0	0	0	0	0
OTU2477	0	0	0	0	0	0
OTU2478	0	0	0	0	0	0
OTU2479	0	0	0	0	0	0
OTU2480	0	0	0	0	0	0
OTU2481	0	0	0	0	0	0
OTU2482	0	0	0	0	0	0
OTU2483	0	0	0	0	0	0
OTU2484	0	0	0	0	0	0
OTU2485	0	0	0	0	0	0
OTU2486	0	0	0	0	0	0
OTU2487	0	0	0	0	0	0
OTU2488	0	0	0	0	0	0
OTU2489	0	0	0	0	0	0
OTU2490	0	0	0	0	0	0
OTU2491	0	0	0	0	0	0
OTU2492	0	0	0	0	0	0
OTU2493	0	0	0	0	0	0
OTU2494	0	0	0	0	0	0
OTU2495	0	1	0	0	0	0
OTU2496	0	0	0	0	0	0
OTU2497	0	0	0	0	0	0
OTU2498	0	0	0	0	0	0
OTU2499	0	0	0	0	0	0
OTU2500	0	0	0	0	0	0
OTU2501	0	0	0	0	0	0
OTU2502	0	0	0	0	0	0
OTU2503	0	0	0	0	0	0
OTU2504	0	0	0	0	0	0
OTU2505	0	0	0	0	0	0
OTU2506	0	0	0	0	0	0
OTU2507	0	0	0	0	0	0
OTU2508	0	0	0	0	0	0
OTU2509	0	0	0	0	0	0
OTU2510	0	0	0	0	0	0
OTU2511	0	0	0	0	0	0
OTU2512	0	0	0	0	0	0
OTU2513	0	0	0	0	0	0
OTU2514	0	1	0	0	0	0
OTU2515	0	0	0	0	0	0
OTU2516	0	0	0	0	0	0
OTU2517	0	0	0	0	0	0
OTU2518	0	0	0	0	0	0
OTU2519	0	0	0	0	0	0
OTU2520	0	0	0	0	0	0
OTU2521	0	0	0	0	0	0
OTU2522	0	0	0	0	0	0
OTU2523	0	0	0	0	0	0
OTU2524	0	0	0	0	0	0
OTU2525	0	0	0	0	0	0
OTU2526	0	1	0	0	0	0
OTU2527	0	0	0	0	0	0
OTU2528	0	0	0	0	0	0
OTU2529	0	0	0	0	0	0
OTU2530	0	0	0	0	0	0
OTU2531	0	0	0	0	0	0
OTU2532	0	1	0	0	0	0
OTU2533	0	0	0	0	0	0
OTU2534	0	0	0	0	0	0
OTU2535	0	1	0	0	0	0
OTU2536	0	0	0	0	0	0
OTU2537	0	0	0	0	0	0
OTU2538	0	0	0	0	0	0
OTU2539	0	0	0	0	0	0
OTU2540	0	0	0	0	0	0
OTU2541	0	0	0	0	0	0
OTU2542	0	0	0	0	0	0
OTU2543	0	0	0	0	0	0
OTU2544	0	1	0	0	0	0
OTU2545	0	0	0	0	0	0
OTU2546	0	0	0	0	0	0
OTU2547	0	0	0	0	0	0
OTU2548	0	0	0	0	0	0
OTU2549	0	0	0	0	0	0
OTU2550	0	0	0	0	0	0
OTU2551	0	0	0	0	0	0
OTU2552	0	0	0	0	0	0
OTU2553	0	0	0	0	0	0
OTU2554	0	0	0	0	0	0
OTU2555	0	0	0	0	0	0
OTU2556	0	0	0	0	0	0
OTU2557	0	1	0	0	0	0
OTU2558	0	0	0	0	0	0
OTU2559	0	0	0	0	0	0
OTU2560	0	0	0	0	0	0
OTU2561	0	0	0	0	0	0
OTU2562	0	0	0	0	0	0
OTU2563	0	0	0	0	0	0
OTU2564	0	0	0	0	0	0
OTU2565	0	0	0	0	0	0
OTU2566	0	0	0	0	0	0
OTU2567	0	1	0	0	0	0
OTU2568	0	0	0	0	0	0
OTU2569	0	0	0	0	0	0
OTU2570	0	0	0	0	0	0
OTU2571	0	0	0	0	0	0
OTU2572	0	0	0	0	0	0
OTU2573	0	0	0	0	0	0
OTU2574	0	0	0	0	0	0
OTU2575	0	0	0	0	0	0
OTU2576	0	0	0	0	0	0
OTU2577	0	0	0	0	0	0
OTU2578	0	0	0	0	0	0
OTU2579	0	0	0	0	0	0
OTU2580	0	0	0	0	0	0
OTU2581	0	0	0	0	0	0
OTU2582	0	1	0	0	0	0
OTU2583	0	0	0	0	0	0
OTU2584	0	0	0	0	0	0
OTU2585	0	0	0	0	0	0
OTU2586	0	1	0	0	0	0
OTU2587	0	0	0	0	0	0
OTU2588	0	0	0	0	0	0
OTU2589	0	0	0	0	0	0
OTU2590	0	0	0	0	0	0
OTU2591	0	0	0	0	0	0
OTU2592	0	0	0	0	0	0
OTU2593	0	0	0	0	0	0
OTU2594	0	1	0	0	0	0
OTU2595	0	1	0	0	0	0
OTU2596	0	0	0	0	0	0
OTU2597	0	0	0	0	0	0
OTU2598	0	0	0	0	0	0
OTU2599	0	0	0	0	0	0
OTU2600	0	0	0	0	0	0
OTU2601	0	0	0	0	0	0
OTU2602	0	0	0	0	0	0
OTU2603	0	0	0	0	0	0
OTU2604	0	0	0	0	0	0
OTU2605	0	0	0	0	0	0
OTU2606	0	0	0	0	0	0
OTU2607	0	0	0	0	0	0
OTU2608	0	0	0	0	0	0
OTU2609	0	1	0	0	0	0
OTU2610	0	0	0	0	0	0
OTU2611	0	0	0	0	0	0
OTU2612	0	0	0	0	0	0
OTU2613	0	0	0	0	0	0
OTU2614	0	0	0	0	0	0
OTU2615	0	0	0	0	0	0
OTU2616	0	0	0	0	0	0
OTU2617	0	0	0	0	0	0
OTU2618	0	0	0	0	0	0
OTU2619	0	0	0	0	0	0
OTU2620	0	0	0	0	0	0
OTU2621	0	1	0	0	0	0
OTU2622	0	0	0	0	0	0
OTU2623	0	0	0	0	0	0
OTU2624	0	0	0	0	0	0
OTU2625	0	0	0	0	0	0
OTU2626	0	0	0	0	0	0
OTU2627	0	0	0	0	0	0
OTU2628	0	1	0	0	0	0
OTU2629	0	0	0	0	0	0
OTU2630	0	0	0	0	0	0
OTU2631	0	0	0	0	0	0
OTU2632	0	0	0	0	0	0
OTU2633	0	0	0	0	0	0
OTU2634	0	1	0	0	0	0
OTU2635	0	0	0	0	0	0
OTU2636	0	0	0	0	0	0
OTU2637	0	1	0	0	0	0
OTU2638	0	0	0	0	0	0
OTU2639	0	0	0	0	0	0
OTU2640	0	0	0	0	0	0
OTU2641	0	0	0	0	0	0
OTU2642	0	0	0	0	0	0
OTU2643	0	0	0	0	0	0
OTU2644	0	1	0	0	0	0
OTU2645	0	0	0	0	0	0
OTU2646	0	0	0	0	0	0
OTU2647	0	0	0	0	0	0
OTU2648	0	0	0	0	0	0
OTU2649	0	0	0	0	0	0
OTU2650	0	0	0	0	0	0
OTU2651	0	0	0	0	0	0
OTU2652	0	0	0	0	0	0
OTU2653	0	0	0	0	0	0
OTU2654	0	0	0	0	0	0
OTU2655	0	0	0	0	0	0
OTU2656	0	0	0	0	0	0
OTU2657	0	0	0	0	0	0
OTU2658	0	0	0	0	0	0
OTU2659	0	0	0	0	0	0
OTU2660	0	0	0	0	0	0
OTU2661	0	0	0	0	0	0
OTU2662	0	1	0	0	0	0
OTU2663	0	0	0	0	0	0
OTU2664	0	0	0	0	0	0
OTU2665	0	0	0	0	0	0
OTU2666	0	0	0	0	0	0
OTU2667	0	1	0	0	0	0
OTU2668	0	0	0	0	0	0
OTU2669	0	0	0	0	0	0
OTU2670	0	0	0	0	0	0
OTU2671	0	0	0	0	0	0
OTU2672	0	0	0	0	0	0
OTU2673	0	0	0	0	0	0
OTU2674	0	0	0	0	0	0
OTU2675	0	0	0	0	0	0
OTU2676	0	0	0	0	0	0
OTU2677	0	0	0	0	0	0
OTU2678	0	0	0	0	0	0
OTU2679	0	0	0	0	0	0
OTU2680	0	0	0	0	0	0
OTU2681	0	0	0	0	0	0
OTU2682	0	0	0	0	0	0
OTU2683	0	0	0	0	0	0
OTU2684	0	1	0	0	0	0
OTU2685	0	0	0	0	0	0
OTU2686	0	1	0	0	0	0
OTU2687	0	0	0	0	0	0
OTU2688	0	0	0	0	0	0
OTU2689	0	0	0	0	0	0
OTU2690	0	0	0	0	0	0
OTU2691	0	0	0	0	0	0
OTU2692	0	0	0	0	0	0
OTU2693	0	0	0	0	0	0
OTU2694	0	0	0	0	0	0
OTU2695	0	0	0	0	0	0
OTU2696	0	0	0	0	0	0
OTU2697	0	0	0	0	0	0
OTU2698	0	0	0	0	0	0
OTU2699	0	0	0	0	0	0
OTU2700	0	0	0	0	0	0
OTU2701	0	0	0	0	0	0
OTU2702	0	0	0	0	0	0
OTU2703	0	0	0	0	0	0
OTU2704	0	0	0	0	0	0
OTU2705	0	0	0	0	0	0
OTU2706	0	0	0	0	0	0
OTU2707	0	0	0	0	0	0
OTU2708	0	0	0	0	0	0
OTU2709	0	0	0	0	0	0
OTU2710	0	0	0	0	0	0
OTU2711	0	0	0	0	0	0
OTU2712	0	0	0	0	0	0
OTU2713	0	0	0	0	0	0
OTU2714	0	0	0	0	0	0
OTU2715	0	0	0	0	0	0
OTU2716	0	0	0	0	0	0
OTU2717	0	1	0	0	0	0
OTU2718	0	0	0	0	0	0
OTU2719	0	0	0	0	0	0
OTU2720	0	0	0	0	0	0
OTU2721	0	0	0	0	0	0
OTU2722	0	0	0	0	0	0
OTU2723	0	0	0	0	0	0
OTU2724	0	0	0	0	0	0
OTU2725	0	0	0	0	0	0
OTU2726	0	0	0	0	0	0
OTU2727	0	0	0	0	0	0
OTU2728	0	0	0	0	0	0
OTU2729	0	1	0	0	0	0
OTU2730	0	1	0	0	0	0
OTU2731	0	0	0	0	0	0
OTU2732	0	0	0	0	0	0
OTU2733	0	0	0	0	0	0
OTU2734	0	0	0	0	0	0
OTU2735	0	1	0	0	0	0
OTU2736	0	1	0	0	0	0
OTU2737	0	0	0	0	0	0
OTU2738	0	0	0	0	0	0
OTU2739	0	0	0	0	0	0
OTU2740	0	0	0	0	0	0
OTU2741	0	0	0	0	0	0
OTU2742	0	0	0	0	0	0
OTU2743	0	0	0	0	0	0
OTU2744	0	0	0	0	0	0
OTU2745	0	0	0	0	0	0
OTU2746	0	0	0	0	0	0
OTU2747	0	0	0	0	0	0
OTU2748	0	1	0	0	0	0
OTU2749	0	1	0	0	0	0
OTU2750	0	1	0	0	0	0
OTU2751	0	1	0	0	0	0
OTU2752	0	1	0	0	0	0
OTU2753	0	1	0	0	0	0
OTU2754	0	1	0	0	0	0
OTU2755	0	1	0	0	0	0
OTU2756	0	1	0	0	0	0
OTU2757	0	1	0	0	0	0
OTU2758	0	1	0	0	0	0
OTU2759	0	1	0	0	0	0
OTU2760	0	1	0	0	0	0
OTU2761	0	1	0	0	0	0
OTU2762	0	1	0	0	0	0
OTU2763	0	1	0	0	0	0
OTU2764	0	1	0	0	0	0
OTU2765	0	1	0	0	0	0
OTU2766	0	1	0	0	0	0
OTU2767	0	1	0	0	0	0
OTU2768	0	1	0	0	0	0
OTU2769	0	1	0	0	0	0
OTU2770	0	1	0	0	0	0
OTU2771	0	1	0	0	0	0
OTU2772	0	1	0	0	0	0
OTU2773	0	1	0	0	0	0
OTU2774	0	1	0	0	0	0
OTU2775	0	1	0	0	0	0
OTU2776	0	1	0	0	0	0
OTU2777	0	1	0	0	0	0
OTU2778	0	1	0	0	0	0
OTU2779	0	1	0	0	0	0
OTU2780	0	1	0	0	0	0
OTU2781	0	1	0	0	0	0
OTU2782	0	1	0	0	0	0
OTU2783	0	1	0	0	0	0
OTU2784	0	1	0	0	0	0
OTU2785	0	1	0	0	0	0
OTU2786	0	1	0	0	0	0
OTU2787	0	1	0	0	0	0
OTU2788	0	1	0	0	0	0
OTU2789	0	1	0	0	0	0
OTU2790	0	1	0	0	0	0
OTU2791	0	1	0	0	0	0
OTU2792	0	1	0	0	0	0
OTU2793	0	1	0	0	0	0
OTU2794	0	1	0	0	0	0
OTU2795	0	1	0	0	0	0
OTU2796	0	1	0	0	0	0
OTU2797	0	1	0	0	0	0
OTU2798	0	1	0	0	0	0
OTU2799	0	1	0	0	0	0
OTU2800	0	1	0	0	0	0
OTU2801	0	1	0	0	0	0
OTU2802	0	1	0	0	0	0
OTU2803	0	1	0	0	0	0
OTU2804	0	1	0	0	0	0
OTU2805	0	1	0	0	0	0
OTU2806	0	1	0	0	0	0
OTU2807	0	1	0	0	0	0
OTU2808	0	1	0	0	0	0
OTU2809	0	1	0	0	0	0
OTU2810	0	1	0	0	0	0
OTU2811	0	1	0	0	0	0
OTU2812	0	1	0	0	0	0
OTU2813	0	1	0	0	0	0
OTU2814	0	1	0	0	0	0
OTU2815	0	1	0	0	0	0
OTU2816	0	1	0	0	0	0
OTU2817	0	1	0	0	0	0
OTU2818	0	1	0	0	0	0
OTU2819	0	1	0	0	0	0
OTU2820	0	1	0	0	0	0
OTU2821	0	1	0	0	0	0
OTU2822	0	1	0	0	0	0
OTU2823	0	1	0	0	0	0
OTU2824	0	1	0	0	0	0
OTU2825	0	1	0	0	0	0
OTU2826	0	1	0	0	0	0
OTU2827	0	1	0	0	0	0
OTU2828	0	1	0	0	0	0
OTU2829	0	1	0	0	0	0
OTU2830	0	1	0	0	0	0
OTU2831	0	1	0	0	0	0
OTU2832	0	1	0	0	0	0
OTU2833	0	1	0	0	0	0
OTU2834	0	1	0	0	0	0
OTU2835	0	1	0	0	0	0
OTU2836	0	1	0	0	0	0
OTU2837	0	1	0	0	0	0
OTU2838	0	1	0	0	0	0
OTU2839	0	1	0	0	0	0
OTU2840	0	1	0	0	0	0
OTU2841	0	1	0	0	0	0
OTU2842	0	1	0	0	0	0
OTU2843	0	1	0	0	0	0
OTU2844	0	1	0	0	0	0
OTU2845	0	1	0	0	0	0
OTU2846	0	1	0	0	0	0
OTU2847	0	1	0	0	0	0
OTU2848	0	1	0	0	0	0
OTU2849	0	1	0	0	0	0
OTU2850	0	1	0	0	0	0
OTU2851	0	1	0	0	0	0
OTU2852	0	1	0	0	0	0
OTU2853	0	1	0	0	0	0
OTU2854	0	1	0	0	0	0
OTU2855	0	1	0	0	0	0
OTU2856	0	1	0	0	0	0
OTU2857	0	1	0	0	0	0
OTU2858	0	1	0	0	0	0
OTU2859	0	1	0	0	0	0
OTU2860	0	1	0	0	0	0
OTU2861	0	1	0	0	0	0
OTU2862	0	1	0	0	0	0
